# nome|img|kg_common|kg_trophy|kg_unique|$_common|$_trophy|$_unique|(non usato)|denti|amo|famiglia|esche|artificiali|zone|quando|rarita|predatore
# pesi, prezzi, esche e ami presi dal catalogo di riferimento - niente inventato
# esche = ricavate AL CONTRARIO dalle liste vere delle esche: ogni esca sul
# catalogo dice che pesci prende, e da quelle liste si e' costruito l'elenco per
# pesce. La prova sta in esche_pesci.txt. I pesci che nessuna esca nomina
# restano vuoti: quelli si prendono con l'artificiale.
# esche e artificiali vengono adesso dalla PAGINA DEL PESCE sul catalogo, sezioni
# "Preferred baits" e "Preferred lures". Anche l'amo viene da li'.
# predatore = 1 se la sua pagina elenca degli artificiali.
# quando = quando mangia davvero: notte / alba_tramonto / giorno / sempre.
# ATTENZIONE: questa colonna NON viene dal catalogo di riferimento, che il dato
# non ce l'ha. Viene dalla biologia vera della specie, cercata sul web.
# La prova e la fonte di ogni pesce stanno in orari_pesci.txt.
# rarita = da 1 (comunissimo) a 5 (rarissimo). Questa VIENE dal catalogo:
# e' calcolata su in quante delle 28 acque vere del gioco vive la specie
# e su quali taglie quelle acque danno. Le prove stanno in rarita_pesci.txt.
# NOSTRI (non del catalogo): per 23 specie il catalogo da' un peso solo. Trofeo e unico li abbiamo
# ricavati noi con le proporzioni mediane delle altre 216 specie del file: kg trofeo = comune x1.9,
# kg unico = comune x2.9, $/kg trofeo = comune x1.05, $/kg unico = comune x1.12.
# Specie: Amur Bitterling, Beluga, Blacktail Shiner, Bluntnose Minnow, California Roach, Common Bleak, Common Minnow, Common Shiner, Eurasian Ruffe, European Bitterling, Golden Shiner, Green Sunfish, Gudgeon, Japanese Anchovy, Lake Chub, Lake Sturgeon, Monkey Goby, Red Tail Barracuda, Redbreast Sunfish, Rock Bass, White Catfish, White Sturgeon, White Sucker
African Big Eye Catfish|African_Big_Eye_Catfish.png|3|5|7|129|152|157|0|0|#1/0 - #5/0|Catfish family|22,27,28,30,35,37,41,57,174,179,181,182||ALAMO,SANDY,GRAPES,MTCHIL,GALFISH,SANCHIA|notte|5|0
African Pike|African_Pike.png|0.55|0.85|1.25|362|371|432|0|1|#1/0 - #3/0||42,181|1,2,5,6,9,10,13,14,15,16,17,18,29,30,35,36,44,45,46,47,62,63,64,65,183,184,185,211,212,213,327,328,329,330,331,332,333,334,335,336,337,338,339,340,341,342,343,344,345,346,347,348,349,350,351,352,353,354,355,356,357,358,359,360,361,362,363,364,365,366,367,368,369,370,371,372,373,374,375,376,377,378,379,380,381,382,383,384,385,394,395,398,399,400,427,428,430,431,432,433,459,460,461,463,464,469,470,471,474,486,487,488,489,490,493,494,499,504,505,511,512,513|ALAMO,SANDY,GRAPES,MTCHIL,GALFISH,SANCHIA|alba_tramonto|5|1
African Sharptooth Catfish|African_Sharptooth_Catfish.png|25|40|62|87|136|141|0|0|#4/0 - #8/0|Catfish family|47,51,55,58,60,180,188,189,192,193|368,369,370,371,372,373,374,375,381,382,390,391,392,393,405,406,407,408,413,414,415,416,427,428,430,431,432,433,453,454,459,460,461,463,464,465,466,469,470,471,474,493,494,504,505,506,507,508,511,512,513|ALAMO,SANDY,GRAPES,MTCHIL,GALFISH,SANCHIA|notte|5|1
African Tigerfish|African_Tigerfish.png|13|20|29|278|401|428|0|1|#4/0 - #7/0||42,47,193|77,78,79,80,81,82,83,84,85,86,181,182,183,184,185,186,187,188,189,190,191,192,193,194,195,196,197,198,199,200,201,202,203,204,205,206,207,208,209,210,211,212,213,214,215,216,217,218,219,220,221,222,223,224,225,226,227,228,229,230,231,232,233,234,235,236,237,238,239,240,241,242,243,244,245,246,247,248,249,250,251,252,253,254,255,256,257,258,259,260,261,262,263,264,265,266,267,268,269,270,271,272,273,274,275,276,277,278,279,280,281,282,283,284,285,286,287,288,289,290,291,292,293,294,295,296,297,298,299,300,301,302,303,304,305,306,307,308,309,310,311,312,313,314,315,316,317,318,319,320,321,322,323,324,325,326,354,355,356,357,358,359,360,361|ALAMO,SANDY,GRAPES,MTCHIL,GALFISH,SANCHIA|giorno|5|1
Alaska Blackfish|Alaska_Blackfish.png|0.2|0.3|0.3|180|188|}}|0|0|#6||24,25,33||CANNY,CCREAK,MTGORDO,PALFOR|sempre|4|0
Albacore|Albacore.png|25|40|60|163|166|166|0|0|#4/0 - #7/0|Tuna family|167,196,197,198,199|31,32,33,34,37,38,39,40,48,49,50,51,122,123,124,125,126,127,128,129,130,131,132,133,134,135,136,137,138,139,140,141,142,143,144,145,146,147,148,149,150,151,152,153,154,155,156,157,158,159,160,161,162,163,164,165,166,167,168,169,170,171,172,173,174,175,176,177,178,179,180,181,182,183,184,185,186,187,188,189,190,191,192,193,194,195,196,197,198,199,200,201,202,203,204,205,206,207,208,209,210,211,212,213,214,215,216,217,218,219,220,221,222,223,224,225,226,227,228,229,230,231,232,233,234,235,236,237,238,239,240,241,242,243,244,245,246,247,248,249,250,251,252,253,254,255,256,257,258,259,260,261,262,263,264,265,266,267,268,269,270,271,272,273,274,275,276,277,278,279,280,281,282,283,284,285,286,287,288,289,290,291,292,293,294,295,296,297,298,299,300,301,302,303,304,305,306,307,308,309,310,311,312,313,314,315,316,317,318,319,320,321,322,323,324,325,326|CHU,DELPE,VESP,BEACH,BANHAMC,PBLUFF,SANAND,EBURO,DELSOL,OCEANA|giorno|4|1
Alligator Gar|Alligator_Gar.png|20|45|45|65|70|}}|0|1|#2/0 - #11/0|Gar family|42,45,51,183|194,195,196,197,200,208,209,210,214,215,217,228,229,231,232,236,244,245,246,251,252,254,255,256,368,369,370,371,372,373,374,375,381,382,427,428,430,431,432,433,459,460,461,463,464,469,470,471,474,493,494,504,505,511,512,513|ZANCUDO,LAGO,BHAMCA|notte|4|1
American Gizzard Shad|American_Gizzard_Shad.png|0.5|1|1.7|100|125|135|0|0|#8 - #4||24,26,28||BOLSA,LOSPUER,TERMINA,ZQ_UAR|alba_tramonto|5|0
American Shad|American_Shad.png|1.8|3.8|3.8|77|80|}}|0|0|#2 - #1/0||46,48,158,181|327,328,329,330,331,332,333,334,335,336,337,338,339,340,341,342,343,344,345,346,347,348,349,350,351,352,353,354,355,356,357,358,359,360,361,362,363,364,365,366,367,368,369,370,371,372,373,374,375,376,377,378,379,380,381,382,383,384,385,386,387,388,389,394,395,398,399,400,423,424,425,426,427,428,429,430,431,432,433,438,439,440,441,447,450,451,452,456,457,458,459,460,461,462,463,464,469,470,471,474,475,476,486,487,488,489,490,493,494,499,504,505,511,512,513|ALAMO,SANDY,GRAPES,MTCHIL,GALFISH,SANCHIA,TONGVAV,TONGVAH,LDAM,CHIL,LACT|notte|3|1
Amur Bitterling|Amur_Bitterling.png|0.15|0.285|0.435|91|96|102|0|0|#16|Bream and Roach family|3,5,7,16,22,26,27,28,179||CANNY,CCREAK,MTGORDO,PALFOR|giorno|4|0
Apapa|Apapa.png|1.8|3|5|200|207|167|0|0|#1/0 - #3/0||36,42,56,177,181|9,10,15,16,35,36,62,63,64,65,181,183,184,185,187,211,212,213,235,253,294,313,327,328,329,330,331,332,333,334,335,336,337,338,339,340,341,342,343,344,345,346,347,348,349,350,351,352,353,354,355,356,357,358,359,360,361,362,363,364,365,366,367,368,369,370,371,372,373,374,375,376,377,378,379,380,381,382,383,384,385,394,395,398,399,400,427,428,430,431,432,433,459,460,461,463,464,467,468,469,470,471,474,477,478,486,487,488,489,490,491,492,493,494,495,496,499,504,505,511,512,513|ZANCUDO,LAGO,BHAMCA|giorno|4|1
Arapaima|Arapaima.png|70|120|180|72|77|155|0|0|#6/0 - #10/0||42,47,56,181|181,182,183,184,185,186,187,188,189,190,191,192,193,194,195,196,197,198,199,200,201,202,203,204,205,206,207,208,209,210,211,212,213,214,215,216,217,218,219,220,221,222,223,224,225,226,227,228,229,230,231,232,233,234,235,236,237,238,239,240,241,242,243,244,245,246,247,248,249,250,251,252,253,254,255,256,257,258,259,260,261,262,263,264,265,266,267,268,269,270,271,272,273,274,275,276,277,278,279,280,281,282,283,284,285,286,287,288,289,290,291,292,293,294,295,296,297,298,299,300,301,302,303,304,305,306,307,308,309,310,311,312,313,314,315,316,317,318,319,320,321,322,323,324,325,326|ALAMO,SANDY,GRAPES,MTCHIL,GALFISH,SANCHIA,ZANCUDO,LAGO,BHAMCA|sempre|4|1
Arctic Char|Arctic_Char.png|5|9|15|197|197|197|0|0|#3/0 - #6/0|Saltwater Fish|48,158,161,172,196|1,2,3,4,5,6,7,8,9,10,11,12,13,14,15,16,17,18,19,20,21,22,23,24,25,26,27,28,29,30,31,32,33,34,35,36,37,38,39,40,41,42,43,44,45,46,47,48,49,50,51,52,53,54,55,56,57,58,59,60,61,62,63,64,65,66,67,68,69,70,71,72,73,74,75,76,77,78,79,80,81,82,83,84,85,86,122,123,124,125,126,127,128,129,130,131,132,133,134,135,136,137,138,139,140,141,142,143,144,145,146,147,148,149,150,151,152,153,154,155,156,157,158,159,160,161,162,163,164,165,166,167,168,169,170,171,172,173,174,175,176,177,178,179,180,181,182,183,184,185,186,187,188,189,190,191,192,193,194,195,196,197,198,199,200,201,202,203,204,205,206,207,208,209,210,211,212,213,214,215,216,217,218,219,220,221,222,223,224,225,226,227,228,229,230,231,232,233,234,235,236,237,238,239,240,241,242,243,244,245,246,247,248,249,250,251,252,253,254,255,256,257,258,259,260,261,262,263,264,265,266,267,268,269,270,271,272,273,274,275,276,277,278,279,280,281,282,283,284,285,286,287,288,289,290,291,292,293,294,295,296,297,298,299,300,301,302,303,304,305,306,307,308,309,310,311,312,313,314,315,316,317,318,319,320,321,322,323,324,325,326,327,328,329,330,331,332,333,334,335,336,337,338,339,340,341,342,343,344,345,346,347,348,349,350,351,352,353,354,355,356,357,358,359,360,361,362,363,364,365,366,367|PALCOV,PROCOB,PALETO,OCEANA|sempre|5|1
Arctic Grayling|Arctic_Grayling.png|1.6|2.6|4.4|160|162|172|0|0|#1/0 - #3/0|Trout and Char family|23,25,33,36,39,44,46,48,179,181,185,186|9,10,15,16,23,24,25,26,27,28,35,36,41,42,43,52,53,54,55,62,63,64,65,181,182,183,184,185,186,187,188,189,190,191,192,193,194,195,196,197,198,199,200,201,202,203,204,205,206,207,208,209,210,211,212,213,214,215,216,217,218,219,220,221,222,223,224,225,226,227,228,229,230,231,232,233,234,235,236,237,238,239,240,241,242,243,244,245,246,247,248,249,250,251,252,253,254,255,256,257,258,259,260,261,262,263,264,265,266,267,268,269,270,271,272,273,274,275,276,277,278,279,280,281,282,283,284,285,286,287,288,289,290,291,292,293,294,295,296,297,298,299,300,301,302,303,304,305,306,307,308,309,310,311,312,313,314,315,316,317,318,319,320,321,322,323,324,325,326,327,328,329,330,331,332,333,334,335,336,337,338,339,340,341,342,343,344,345,346,347,348,349,350,351,352,353,354,355,356,357,358,359,360,361,362,363,364,365,366,367|CANNY,CCREAK,MTGORDO,PALFOR|giorno|5|1
Asp|Asp.png|3.5|7.5|12|140|145|160|0|0|#2/0 - #4/0|Carp family|23,25,36,38,42,181|9,10,15,16,23,24,25,26,27,28,31,32,33,34,35,36,37,38,39,40,41,42,43,48,49,50,51,52,53,54,55,62,63,64,65,181,183,184,185,187,194,195,196,197,200,208,209,210,211,212,213,214,215,217,228,229,231,232,235,236,244,245,246,251,252,253,254,255,256,294,313|TONGVAV,TONGVAH,LDAM,CHIL,LACT|alba_tramonto|4|1
Atlantic Cod|Atlantic_Cod.png|15|30|55|276|276|276|0|0|#4/0 - #6/0|Saltwater Fish|160,161,172,196,197|1,2,3,4,5,6,7,8,9,10,11,12,13,14,15,16,17,18,19,20,21,22,23,24,25,26,27,28,29,30,31,32,33,34,35,36,37,38,39,40,41,42,43,44,45,46,47,48,49,50,51,52,53,54,55,56,57,58,59,60,61,62,63,64,65,66,67,68,69,70,71,72,73,74,75,76,77,78,79,80,81,82,83,84,85,86,122,123,124,125,126,127,128,129,130,131,132,133,134,135,136,137,138,139,140,141,142,143,144,145,146,147,148,149,150,151,152,153,154,155,156,157,158,159,160,161,162,163,164,165,166,167,168,169,170,171,172,173,174,175,176,177,178,179,180,368,369,370,371,372,373,374,375,376,377,378,379,380,381,382,383,384,385,386,387,388,389,390,391,392,393,394,395,396,397,398,399,400,401,402,403,404,405,406,407,408,409,410,411,412,413,414,415,416,417,418,419,420,421,422,423,424,425,426,427,428,429,430,431,432,433,434,435,436,437,438,439,440,441,442,443,444,445,446,447,448,449,450,451,452,453,454,455,456,457,458,459,460,461,462,463,464,465,466,467,468,469,470,471,472,473,474,475,476,477,478,479,480,481,482,483,484,485,486,487,488,489,490,491,492,493,494,495,496,497,498,499,500,501,502,503,504,505,506,507,508,509,510,511,512,513,514,515,516,517,518,519,520,521,522,523,524,525,526,527|PALCOV,PROCOB,PALETO,OCEANA|sempre|5|1
Atlantic Halibut|Atlantic_Halibut.png|80|180|320|170|170|170|0|0|#7/0 - #15/0|Saltwater Fish|160,161,164,172|122,123,124,125,126,127,128,129,130,131,132,133,134,135,136,137,138,139,140,141,142,143,144,145,146,147,148,149,150,151,152,153,154,155,156,157,158,159,160,161,162,163,164,165,166,167,168,169,170,171,172,173,174,175,176,177,178,179,180,368,369,370,371,372,373,374,375,376,377,378,379,380,381,382,383,384,385,386,387,388,389,390,391,392,393,394,395,396,397,398,399,400,401,402,403,404,405,406,407,408,409,410,411,412,413,414,415,416,417,418,419,420,421,422,423,424,425,426,427,428,429,430,431,432,433,434,435,436,437,438,439,440,441,442,443,444,445,446,447,448,449,450,451,452,453,454,455,456,457,458,459,460,461,462,463,464,465,466,467,468,469,470,471,472,473,474,475,476,477,478,479,480,481,482,483,484,485,486,487,488,489,490,491,492,493,494,495,496,497,498,499,500,501,502,503,504,505,506,507,508,509,510,511,512,513,514,515,516,517,518,519,520,521,522,523,524,525,526,527|PALCOV,PROCOB,PALETO,OCEANA|alba_tramonto|5|1
Atlantic Herring|Atlantic_Herring.png|0.6|0.9|1.2|198|198|198|0|0|#1 - #6|Saltwater Fish|46,48,162,194|3,4,7,8,11,12,19,20,21,22,23,24,25,26,27,28,41,42,43,327,328,329,330,331,332,335,336,337,368,369,370,371,372,373,374,375,376,377,378,379,380,381,382,383,384,385,386,387,388,389,390,391,392,393,394,395,396,397,398,399,400,401,402,403,404,405,406,407,408,409,410,411,412,413,414,415,416,417,418,419,420,421,422,423,424,425,426,427,428,429,430,431,432,433,434,435,436,437,438,439,440,441,442,443,444,445,446,447,448,449,450,451,452,453,454,455,456,457,458,459,460,461,462,463,464,465,466,467,468,469,470,471,472,473,474,475,476,477,478,479,480,481,482,483,484,485,486,487,488,489,490,491,492,493,494,495,496,497,498,499,500,501,502,503,504,505,506,507,508,509,510,511,512,513,514,515,516,517,518,519,520,521,522,523,524,525,526,527|PALCOV,PROCOB,PALETO,OCEANA|notte|5|1
Atlantic Horse Mackerel|Atlantic_Horse_Mackerel.png|0.65|1.35|2.15|198|198|198|0|0|#6 - #1/0|Saltwater Fish|48,162,194,196|3,4,7,8,11,12,19,20,21,22,23,24,25,26,27,28,41,42,43,280,281,289,290,297,298,303,304,327,328,329,330,331,332,335,336,337,368,369,370,371,372,373,374,375,376,377,378,379,380,381,382,383,384,385,386,387,388,389,390,391,392,393,394,395,396,397,398,399,400,401,402,403,404,405,406,407,408,409,410,411,412,413,414,415,416,417,418,419,420,421,422,423,424,425,426,427,428,429,430,431,432,433,434,435,436,437,438,439,440,441,442,443,444,445,446,447,448,449,450,451,452,453,454,455,456,457,458,459,460,461,462,463,464,465,466,467,468,469,470,471,472,473,474,475,476,477,478,479,480,481,482,483,484,485,486,487,488,489,490,491,492,493,494,495,496,497,498,499,500,501,502,503,504,505,506,507,508,509,510,511,512,513,514,515,516,517,518,519,520,521,522,523,524,525,526,527|PALCOV,PROCOB,PALETO,OCEANA|alba_tramonto|5|1
Atlantic Mackerel|Atlantic_Mackerel.png|0.9|1.9|3.5|200|200|200|0|0|#6 - #1/0|Saltwater Fish|48,158,162,194,196|3,4,7,8,11,12,19,20,21,22,23,24,25,26,27,28,41,42,43,280,281,289,290,297,298,303,304,327,328,329,330,331,332,335,336,337,368,369,370,371,372,373,374,375,376,377,378,379,380,381,382,383,384,385,386,387,388,389,390,391,392,393,394,395,396,397,398,399,400,401,402,403,404,405,406,407,408,409,410,411,412,413,414,415,416,417,418,419,420,421,422,423,424,425,426,427,428,429,430,431,432,433,434,435,436,437,438,439,440,441,442,443,444,445,446,447,448,449,450,451,452,453,454,455,456,457,458,459,460,461,462,463,464,465,466,467,468,469,470,471,472,473,474,475,476,477,478,479,480,481,482,483,484,485,486,487,488,489,490,491,492,493,494,495,496,497,498,499,500,501,502,503,504,505,506,507,508,509,510,511,512,513,514,515,516,517,518,519,520,521,522,523,524,525,526,527|PALCOV,PROCOB,PALETO,OCEANA|giorno|5|1
Atlantic Salmon|Atlantic_Salmon.png|5|10|10|100|100|}}|0|0|#2/0 - #5/0|Salmon family|47,48,158,181|31,32,33,34,37,38,39,40,48,49,50,51,52,53,54,55,194,195,196,197,200,208,209,210,214,215,217,228,229,231,232,236,244,245,246,251,252,254,255,256,354,355,356,357,358,359,360,361,368,369,370,371,372,373,374,375,381,382,427,428,430,431,432,433,459,460,461,463,464,469,470,471,474,493,494,504,505,511,512,513|CANNY,CCREAK,MTGORDO,PALFOR,TONGVAV,TONGVAH,LDAM,CHIL,LACT|giorno|3|1
Atlantic Saury|Atlantic_Saury.png|0.55|0.8|0.89|198|198|198|0|0|#6|Saltwater Fish|46,48,162|368,369,370,371,372,373,374,375,376,377,378,379,380,381,382,383,384,385,386,387,388,389,390,391,392,393,394,395,396,397,398,399,400,401,402,403,404,405,406,407,408,409,410,411,412,413,414,415,416,417,418,419,420,421,422,423,424,425,426,427,428,429,430,431,432,433,434,435,436,437,438,439,440,441,442,443,444,445,446,447,448,449,450,451,452,453,454,455,456,457,458,459,460,461,462,463,464,465,466,467,468,469,470,471,472,473,474,475,476,477,478,479,480,481,482,483,484,485,486,487,488,489,490,491,492,493,494,495,496,497,498,499,500,501,502,503,504,505,506,507,508,509,510,511,512,513,514,515,516,517,518,519,520,521,522,523,524,525,526,527|PALCOV,PROCOB,PALETO,OCEANA|notte|5|1
Atlantic Wolffish|Atlantic_Wolffish.png|6|14|24|379|379|379|0|1|#4/0 - #7/0|Saltwater Fish|158,159,160,161,168,172,194,200|122,123,124,125,126,127,128,129,130,131,132,133,134,135,136,137,138,139,140,141,142,143,144,145,146,147,148,149,150,151,152,153,154,155,156,157,158,159,160,161,162,163,164,165,166,167,168,169,170,171,172,173,174,175,176,177,178,179,180,368,369,370,371,372,373,374,375,376,377,378,379,380,381,382,383,384,385,386,387,388,389,390,391,392,393,394,395,396,397,398,399,400,401,402,403,404,405,406,407,408,409,410,411,412,413,414,415,416,417,418,419,420,421,422,423,424,425,426,427,428,429,430,431,432,433,434,435,436,437,438,439,440,441,442,443,444,445,446,447,448,449,450,451,452,453,454,455,456,457,458,459,460,461,462,463,464,465,466,467,468,469,470,471,472,473,474,475,476,477,478,479,480,481,482,483,484,485,486,487,488,489,490,491,492,493,494,495,496,497,498,499,500,501,502,503,504,505,506,507,508,509,510,511,512,513,514,515,516,517,518,519,520,521,522,523,524,525,526,527|PALCOV,PROCOB,PALETO,OCEANA|sempre|5|1
Azov Shad|Azov_Shad.png|0.15|0.3|0.3|91|99|}}|0|0|#6 - #4||23,36,185|52,53,54,55,181,187,194,195,196,197,200,208,209,210,214,215,217,228,229,231,232,235,236,244,245,246,251,252,253,254,255,256,275,276,287,288,294,313|TONGVAV,TONGVAH,LDAM,CHIL,LACT|notte|4|1
Baikal Omul|Baikal_Omul.png|1|2|3.5|129|133|142|0|0|#2 - #2/0|Salmon family|22,28,53,174,179,181,185|9,10,15,16,23,24,25,26,27,28,35,36,41,42,43,62,63,64,65,327,328,329,330,331,332,333,334,335,336,337,338,339,340,341,342,343,344,345,346,347,348,349,350,351,352,353,354,355,356,357,358,359,360,361,362,363,364,365,366,367,390,391,392,393,405,406,407,408,413,414,415,416,506,507,508|CANNY,CCREAK,MTGORDO,PALFOR|alba_tramonto|5|1
Banded Aracu|Banded_Aracu.png|0.35|0.7|1.2|70|100|100|0|0|#8 - #1||22,23,25,28||ZANCUDO,LAGO,BHAMCA|sempre|5|0
Banded Tilapia|Banded_Tilapia.png|0.3|0.45|0.6|109|178|176|0|0|#8 - #1||1,5,7,9,10,11,12,14,21,22,26,27,28,179||ALAMO,SANDY,GRAPES,MTCHIL,GALFISH,SANCHIA|giorno|5|0
Beluga|Beluga.png|51|96.9|147.9|53|56|59|0|0|#5/0|Sturgeon family|42,45,47,51,183,184||TONGVAV,TONGVAH,LDAM,CHIL,LACT|notte|4|0
Biara|Biara.png|0.6|1.2|2.2|338|338|344|0|0|#1/0 - #3/0||42,56,181|1,2,5,6,13,14,17,18,29,30,31,32,33,34,37,38,39,40,44,45,46,47,48,49,50,51,194,195,196,197,200,208,209,210,214,215,217,228,229,231,232,236,244,245,246,251,252,254,255,256,265,266,282,283,301,302,311,312,317,318,319,320,368,369,370,371,372,373,374,375,376,377,378,379,380,381,382,383,384,385,394,395,398,399,400,423,424,425,426,427,428,429,430,431,432,433,438,439,440,441,447,450,451,452,456,457,458,459,460,461,462,463,464,469,470,471,474,475,476,486,487,488,489,490,493,494,499,504,505,511,512,513|ALAMO,SANDY,GRAPES,MTCHIL,GALFISH,SANCHIA,ZANCUDO,LAGO,BHAMCA|giorno|3|1
Bicuda|Bicuda.png|2|3.5|5.5|150|150|180|0|1|#3/0 - #6/0||36,42,56,177,181|9,10,15,16,35,36,62,63,64,65,181,182,183,184,185,186,187,188,189,190,191,192,193,194,195,196,197,198,199,200,201,202,203,204,205,206,207,208,209,210,211,212,213,214,215,216,217,218,219,220,221,222,223,224,225,226,227,228,229,230,231,232,233,234,235,236,237,238,239,240,241,242,243,244,245,246,247,248,249,250,251,252,253,254,255,256,257,258,259,260,261,262,263,264,265,266,267,268,269,270,271,272,273,274,275,276,277,278,279,280,281,282,283,284,285,286,287,288,289,290,291,292,293,294,295,296,297,298,299,300,301,302,303,304,305,306,307,308,309,310,311,312,313,314,315,316,317,318,319,320,321,322,323,324,325,326,368,369,370,371,372,373,374,375,376,377,378,379,380,381,382,383,384,385,394,395,398,399,400,427,428,430,431,432,433,459,460,461,463,464,467,468,469,470,471,474,477,478,486,487,488,489,490,491,492,493,494,495,496,499,504,505,511,512,513|ZANCUDO,LAGO,BHAMCA|giorno|5|1
Bigeye Tuna|Bigeye_Tuna.png|60|120|210|180|214|216|0|0|#5/0 - #8/0|Tuna family|167,196,197,198,199|31,32,33,34,37,38,39,40,48,49,50,51,122,123,124,125,126,127,128,129,130,131,132,133,134,135,136,137,138,139,140,141,142,143,144,145,146,147,148,149,150,151,152,153,154,155,156,157,158,159,160,161,162,163,164,165,166,167,168,169,170,171,172,173,174,175,176,177,178,179,180,181,182,183,184,185,186,187,188,189,190,191,192,193,194,195,196,197,198,199,200,201,202,203,204,205,206,207,208,209,210,211,212,213,214,215,216,217,218,219,220,221,222,223,224,225,226,227,228,229,230,231,232,233,234,235,236,237,238,239,240,241,242,243,244,245,246,247,248,249,250,251,252,253,254,255,256,257,258,259,260,261,262,263,264,265,266,267,268,269,270,271,272,273,274,275,276,277,278,279,280,281,282,283,284,285,286,287,288,289,290,291,292,293,294,295,296,297,298,299,300,301,302,303,304,305,306,307,308,309,310,311,312,313,314,315,316,317,318,319,320,321,322,323,324,325,326|CHU,DELPE,VESP,BEACH,BANHAMC,PBLUFF,SANAND,EBURO,DELSOL,OCEANA|alba_tramonto|4|1
Bigfin Reef Squid|Bigfin_Reef_Squid.png|1|1.5|2|358|373|397|0|0|#2/0 - #3/0|Saltwater Fish|158,161,167,196,197,199|122,123,124,125,126,127,128,129,130,131,132,133,134,135,136,137,138,139,140,141,142,143,144,145,146,147,148,149,150,151,152,153,154,155,156,157,158,159,160,161,162,163,164,165,166,167,168,169,170,171,172,173,174,175,176,177,178,179,180|CHU,DELPE,VESP,BEACH,BANHAMC,PBLUFF,SANAND,EBURO,DELSOL|notte|5|1
Bighead Carp|Bighead_Carp.png|7|18|35|90|95|100|0|0|#2/0 - #6/0|Carp family|1,9,10,13,52||ALAMO,SANDY,GRAPES,MTCHIL,GALFISH,SANCHIA|giorno|5|0
Bigmouth Buffalo|Bigmouth_Buffalo.png|10|20|30|55|57|60|0|0|#2 - #2/0|Carp family|7,8,27,28,30,52,174||BOLSA,LOSPUER,TERMINA,ZQ_UAR|alba_tramonto|5|0
Black Bullhead Catfish|Black_Bullhead_Catfish.png|0.8|1.7|1.7|35|36|}}|0|0|#4 - #1/0|Catfish family|4,8,35,43||ZANCUDO,LAGO,BHAMCA|notte|4|0
Black Crappie|Black_Crappie.png|0.3|0.9|1.9|120|155|180|0|0|#8 - #1/0|Crappie family|8,27,28,30,181|23,24,25,26,27,28,41,42,43,327,328,329,330,331,332,335,336,337,376,377,378,379,380,383,384,385,386,387,388,389,394,395,398,399,400,486,487,488,489,490,499|ALAMO,SANDY,GRAPES,MTCHIL,GALFISH,SANCHIA,ZANCUDO,LAGO,BHAMCA,CANNY,CCREAK,MTGORDO,PALFOR,TONGVAV,TONGVAH,LDAM,CHIL,LACT|alba_tramonto|2|1
Black Drum|Black_Drum.png|14|28|48|68|82|100|0|0|#3/0 - #7/0|Drum family|47,51,160,161,183,195,197|1,2,5,6,13,14,17,18,29,30,31,32,33,34,37,38,39,40,44,45,46,47,48,49,50,51,368,369,370,371,372,373,374,375,376,377,378,379,380,381,382,383,384,385,394,395,398,399,400,423,424,425,426,427,428,429,430,431,432,433,438,439,440,441,447,450,451,452,453,454,456,457,458,459,460,461,462,463,464,465,466,469,470,471,474,475,476,486,487,488,489,490,493,494,499,504,505,511,512,513|BOLSA,LOSPUER,TERMINA,ZQ_UAR|sempre|5|1
Black Marlin|Black_Marlin.png|230|400|620|0|0|}}|0|1|#7/0 - #13/0|Marlin and Mackerel family|167,171,173,196,197,199,202|122,123,124,125,126,127,128,129,130,131,132,133,134,135,136,137,138,139,140,141,142,143,144,145,146,147,148,149,150,151,152,153,154,155,156,157,158,159,160,161,162,163,164,165,166,167,168,169,170,171,172,173,174,175,176,177,178,179,180,181,182,183,184,185,186,187,188,189,190,191,192,193,194,195,196,197,198,199,200,201,202,203,204,205,206,207,208,209,210,211,212,213,214,215,216,217,218,219,220,221,222,223,224,225,226,227,228,229,230,231,232,233,234,235,236,237,238,239,240,241,242,243,244,245,246,247,248,249,250,251,252,253,254,255,256,257,258,259,260,261,262,263,264,265,266,267,268,269,270,271,272,273,274,275,276,277,278,279,280,281,282,283,284,285,286,287,288,289,290,291,292,293,294,295,296,297,298,299,300,301,302,303,304,305,306,307,308,309,310,311,312,313,314,315,316,317,318,319,320,321,322,323,324,325,326|SANAND,EBURO,DELSOL,OCEANA|giorno|5|1
Black Sea Roach|Black_Sea_Roach.png|4|7.5|11|160|166|169|0|0|#3/0 - #4/0|Carp family|23,26,27,28,30,31|23,24,25,26,27,28,41,42,43|TONGVAV,TONGVAH,LDAM,CHIL,LACT|giorno|5|1
Blacktail Shiner|Blacktail_Shiner.png|0.2|0.38|0.58|140|147|157|0|0|#8|Shinners and Minnows family|5,7||ALAMO,SANDY,GRAPES,MTCHIL,GALFISH,SANCHIA,ZANCUDO,LAGO,BHAMCA|sempre|3|0
Blacktip Reef Shark|Blacktip_Reef_Shark.png|7|13|23|133|139|143|0|2|#4/0 - #7/0|Saltwater Fish|164,167,168,197|1,2,3,4,5,6,7,8,9,10,11,12,13,14,15,16,17,18,19,20,21,22,23,24,25,26,27,28,29,30,31,32,33,34,35,36,37,38,39,40,41,42,43,44,45,46,47,48,49,50,51,52,53,54,55,56,57,58,59,60,61,62,63,64,65,66,67,68,69,70,71,72,73,74,75,76,77,78,79,80,81,82,83,84,85,86,181,182,183,184,185,186,187,188,189,190,191,192,193,194,195,196,197,198,199,200,201,202,203,204,205,206,207,208,209,210,211,212,213,214,215,216,217,218,219,220,221,222,223,224,225,226,227,228,229,230,231,232,233,234,235,236,237,238,239,240,241,242,243,244,245,246,247,248,249,250,251,252,253,254,255,256,257,258,259,260,261,262,263,264,265,266,267,268,269,270,271,272,273,274,275,276,277,278,279,280,281,282,283,284,285,286,287,288,289,290,291,292,293,294,295,296,297,298,299,300,301,302,303,304,305,306,307,308,309,310,311,312,313,314,315,316,317,318,319,320,321,322,323,324,325,326,354,355,356,357,358,359,360,361|SANAND,EBURO,DELSOL,OCEANA|giorno|5|1
Blue Bream|Blue_Bream.png|0.35|0.6|1.1|104|120|129|0|0|#14 - #12|Bream and Roach family|7,22,27,28,30,174||TONGVAV,TONGVAH,LDAM,CHIL,LACT|notte|5|0
Blue Catfish|Blue_Catfish.png|15|25|38|70|70|70|0|0|#3/0 - #8/0|Catfish family|35,42,45,47,183|194,195,196,197,200,208,209,210,214,215,217,228,229,231,232,236,244,245,246,251,252,254,255,256,368,369,370,371,372,373,374,375,381,382,390,391,392,393,405,406,407,408,413,414,415,416,427,428,430,431,432,433,453,454,459,460,461,463,464,465,466,469,470,471,474,493,494,504,505,506,507,508,511,512,513|ZANCUDO,LAGO,BHAMCA,TONGVAV,TONGVAH,LDAM,CHIL,LACT|notte|4|1
Bluegill|Bluegill.png|0.3|1|2.1|70|100|100|0|0|#8 - #2/0|Panfish family|5,22,25,27|23,24,25,26,27,28,41,42,43,327,328,329,330,331,332,335,336,337,376,377,378,379,380,383,384,385,386,387,388,389,394,395,398,399,400,486,487,488,489,490,499|ALAMO,SANDY,GRAPES,MTCHIL,GALFISH,SANCHIA,ZANCUDO,LAGO,BHAMCA,CANNY,CCREAK,MTGORDO,PALFOR|giorno|1|1
Bluntnose Minnow|Bluntnose_Minnow.png|0.11|0.209|0.319|130|136|146|0|0|#10|Shinners and Minnows family|22,28||ZANCUDO,LAGO,BHAMCA,TONGVAV,TONGVAH,LDAM,CHIL,LACT|sempre|3|0
Bonefish|Bonefish.png|3|5.5|8.5|120|125|135|0|0|#1/0 - #5/0||36,158,161,162,182,194,196|31,32,33,34,37,38,39,40,48,49,50,51,368,369,370,371,372,373,374,375,376,377,378,379,380,381,382,383,384,385,390,391,392,393,394,395,398,399,400,405,406,407,408,413,414,415,416,417,418,419,420,423,424,425,426,427,428,429,430,431,432,433,438,439,440,441,447,450,451,452,456,457,458,459,460,461,462,463,464,469,470,471,472,473,474,475,476,481,482,486,487,488,489,490,493,494,497,498,499,504,505,506,507,508,511,512,513|BOLSA,LOSPUER,TERMINA,ZQ_UAR|giorno|5|1
Bowfin|Bowfin.png|2.5|6|9|41|41|45|0|0|#1/0 - #6/0||42,43,47|194,195,196,197,200,208,209,210,214,215,217,228,229,231,232,236,244,245,246,251,252,254,255,256,368,369,370,371,372,373,374,375,381,382,427,428,430,431,432,433,459,460,461,463,464,469,470,471,474,493,494,504,505,511,512,513|ZANCUDO,LAGO,BHAMCA|notte|2|1
Brill|Brill.png|3|6|8|170|170|170|0|0|#2/0 - #4/0|Saltwater Fish|158,159,161,162,172,194,200|122,123,124,125,126,127,128,129,130,131,132,133,134,135,136,137,138,139,140,141,142,143,144,145,146,147,148,149,150,151,152,153,154,155,156,157,158,159,160,161,162,163,164,165,166,167,168,169,170,171,172,173,174,175,176,177,178,179,180,368,369,370,371,372,373,374,375,376,377,378,379,380,381,382,383,384,385,386,387,388,389,390,391,392,393,394,395,396,397,398,399,400,401,402,403,404,405,406,407,408,409,410,411,412,413,414,415,416,417,418,419,420,421,422,423,424,425,426,427,428,429,430,431,432,433,434,435,436,437,438,439,440,441,442,443,444,445,446,447,448,449,450,451,452,453,454,455,456,457,458,459,460,461,462,463,464,465,466,467,468,469,470,471,472,473,474,475,476,477,478,479,480,481,482,483,484,485,486,487,488,489,490,491,492,493,494,495,496,497,498,499,500,501,502,503,504,505,506,507,508,509,510,511,512,513,514,515,516,517,518,519,520,521,522,523,524,525,526,527|PALCOV,PROCOB,PALETO,OCEANA|alba_tramonto|5|1
Brook Trout|Brook_Trout.png|1.2|2.2|3.5|150|150|150|0|0|#1 - #3/0|Trout and Char family|24,33,44,46,158|9,10,15,16,35,36,62,63,64,65,194,195,196,197,200,208,209,210,214,215,217,228,229,231,232,236,244,245,246,251,252,254,255,256,327,328,329,330,331,332,333,334,335,336,337,338,339,340,341,342,343,344,345,346,347,348,349,350,351,352,353,354,355,356,357,358,359,360,361,362,363,364,365,366,367,368,369,370,371,372,373,374,375,376,377,378,379,380,381,382,383,384,385,394,395,398,399,400,427,428,430,431,432,433,459,460,461,463,464,469,470,471,474,486,487,488,489,490,493,494,499,504,505,511,512,513|CANNY,CCREAK,MTGORDO,PALFOR,TONGVAV,TONGVAH,LDAM,CHIL,LACT|alba_tramonto|4|1
Brown Bullhead Catfish|Brown_Bullhead_Catfish.png|0.8|1.5|1.5|60|64|}}|0|0|#4 - #1|Catfish family|8,35,43,49,158||ZANCUDO,LAGO,BHAMCA,TONGVAV,TONGVAH,LDAM,CHIL,LACT|notte|3|0
Brown Trout|Brown_Trout.png|2.9|4|6.5|150|150|180|0|0|#1 - #3/0|Trout and Char family|36,48,181|9,10,15,16,35,36,62,63,64,65,194,195,196,197,200,208,209,210,214,215,217,228,229,231,232,236,244,245,246,251,252,254,255,256,327,328,329,330,331,332,333,334,335,336,337,338,339,340,341,342,343,344,345,346,347,348,349,350,351,352,353,354,355,356,357,358,359,360,361,362,363,364,365,366,367,368,369,370,371,372,373,374,375,376,377,378,379,380,381,382,383,384,385,394,395,398,399,400,427,428,430,431,432,433,459,460,461,463,464,469,470,471,474,486,487,488,489,490,493,494,499,504,505,511,512,513|CANNY,CCREAK,MTGORDO,PALFOR,TONGVAV,TONGVAH,LDAM,CHIL,LACT|notte|4|1
Brycon|Brycon.png|2|3.5|6|200|207|163|0|0|#1/0 - #3/0||17,40|390,391,392,393,405,406,407,408,413,414,415,416,423,424,425,426,429,438,439,440,441,447,450,451,452,456,457,458,462,467,468,475,476,477,478,491,492,495,496,506,507,508|ALAMO,SANDY,GRAPES,MTCHIL,GALFISH,SANCHIA,ZANCUDO,LAGO,BHAMCA|giorno|4|1
Bull Shark|Bull_Shark.png|130|200|200|52|64|}}|0|2|#7/0 - #10/0||47,51,55,56,183,190|181,182,183,184,185,186,187,188,189,190,191,192,193,194,195,196,197,198,199,200,201,202,203,204,205,206,207,208,209,210,211,212,213,214,215,216,217,218,219,220,221,222,223,224,225,226,227,228,229,230,231,232,233,234,235,236,237,238,239,240,241,242,243,244,245,246,247,248,249,250,251,252,253,254,255,256,257,258,259,260,261,262,263,264,265,266,267,268,269,270,271,272,273,274,275,276,277,278,279,280,281,282,283,284,285,286,287,288,289,290,291,292,293,294,295,296,297,298,299,300,301,302,303,304,305,306,307,308,309,310,311,312,313,314,315,316,317,318,319,320,321,322,323,324,325,326|ZANCUDO,LAGO,BHAMCA|alba_tramonto|4|1
Bull Trout|Bull_Trout.png|3.5|6.5|10|100|105|110|0|0|#1/0 - #4/0|Trout and Char family|36,42,48,181|52,53,54,55,194,195,196,197,200,208,209,210,214,215,217,228,229,231,232,236,244,245,246,251,252,254,255,256,354,355,356,357,358,359,360,361,368,369,370,371,372,373,374,375,381,382,427,428,430,431,432,433,459,460,461,463,464,469,470,471,474,493,494,504,505,511,512,513|CANNY,CCREAK,MTGORDO,PALFOR|alba_tramonto|5|1
Bulldog Fish|Bulldog_Fish.png|0.35|0.5|0.65|121|183|173|0|1|#8 - #1||22,26,27,28,29,30,37,179||ALAMO,SANDY,GRAPES,MTCHIL,GALFISH,SANCHIA|notte|5|0
Burbot|Burbot.png|2|5|8|110|110|120|0|0|#2/0 - #5/0||42,43,182,183|194,195,196,197,200,208,209,210,214,215,217,228,229,231,232,236,244,245,246,251,252,254,255,256,368,369,370,371,372,373,374,375,376,377,378,379,380,381,382,383,384,385,394,395,398,399,400,427,428,430,431,432,433,459,460,461,463,464,469,470,471,474,486,487,488,489,490,493,494,499,504,505,511,512,513|CANNY,CCREAK,MTGORDO,PALFOR|notte|4|1
Butterfly Peacock Bass|Butterfly_Peacock_Bass.png|2|3.5|6|150|200|220|0|0|#3/0 - #7/0|Bass family|35,42,181|1,2,5,6,13,14,17,18,29,30,44,45,46,47,181,182,183,184,185,186,187,188,189,190,191,192,193,194,195,196,197,198,199,200,201,202,203,204,205,206,207,208,209,210,211,212,213,214,215,216,217,218,219,220,221,222,223,224,225,226,227,228,229,230,231,232,233,234,235,236,237,238,239,240,241,242,243,244,245,246,247,248,249,250,251,252,253,254,255,256,257,258,259,260,261,262,263,264,265,266,267,268,269,270,271,272,273,274,275,276,277,278,279,280,281,282,283,284,285,286,287,288,289,290,291,292,293,294,295,296,297,298,299,300,301,302,303,304,305,306,307,308,309,310,311,312,313,314,315,316,317,318,319,320,321,322,323,324,325,326,368,369,370,371,372,373,374,375,376,377,378,379,380,381,382,383,384,385,394,395,398,399,400,427,428,430,431,432,433,459,460,461,463,464,469,470,471,474,486,487,488,489,490,493,494,499,504,505,511,512,513|ALAMO,SANDY,GRAPES,MTCHIL,GALFISH,SANCHIA,ZANCUDO,LAGO,BHAMCA|giorno|2|1
California Roach|California_Roach.png|0.11|0.209|0.319|130|136|146|0|0|#10|Bream and Roach family|7,22,28||ZANCUDO,LAGO,BHAMCA|giorno|4|0
Chain Pickerel|Chain_Pickerel.png|1|2|3.5|150|150|150|0|0|#2/0 - #5/0|Pike family|42,47,181|1,2,5,6,13,14,17,18,29,30,44,45,46,47,181,182,183,184,185,186,187,188,189,190,191,192,193,194,195,196,197,198,199,200,201,202,203,204,205,206,207,208,209,210,211,212,213,214,215,216,217,218,219,220,221,222,223,224,225,226,227,228,229,230,231,232,233,234,235,236,237,238,239,240,241,242,243,244,245,246,247,248,249,250,251,252,253,254,255,256,257,258,259,260,261,262,263,264,265,266,267,268,269,270,271,272,273,274,275,276,277,278,279,280,281,282,283,284,285,286,287,288,289,290,291,292,293,294,295,296,297,298,299,300,301,302,303,304,305,306,307,308,309,310,311,312,313,314,315,316,317,318,319,320,321,322,323,324,325,326,368,369,370,371,372,373,374,375,381,382,427,428,430,431,432,433,459,460,461,463,464,469,470,471,474,493,494,504,505,511,512,513|ZANCUDO,LAGO,BHAMCA,TONGVAV,TONGVAH,LDAM,CHIL,LACT|alba_tramonto|3|1
Channel Catfish|Channel_Catfish.png|3.5|6.5|15|59|60|64|0|0|#2 - #7/0|Catfish family|4,35,43,49,51|390,391,392,393,405,406,407,408,413,414,415,416,453,454,465,466,506,507,508|ALAMO,SANDY,GRAPES,MTCHIL,GALFISH,SANCHIA,ZANCUDO,LAGO,BHAMCA|notte|2|1
Chinese Sleeper|Chinese_Sleeper.png|0.3|0.45|0.45|130|130|}}|0|0|#6 - #4||22,28,35,46,174,181|368,369,370,371,372,373,374,375,376,377,378,379,380,381,382,383,384,385,390,391,392,393,394,395,398,399,400,405,406,407,408,413,414,415,416,423,424,425,426,427,428,429,430,431,432,433,438,439,440,441,447,450,451,452,456,457,458,459,460,461,462,463,464,469,470,471,474,475,476,486,487,488,489,490,493,494,499,504,505,506,507,508,511,512,513|TONGVAV,TONGVAH,LDAM,CHIL,LACT|sempre|4|1
Chinook Salmon|Chinook_Salmon.png|8|20|35|100|100|100|0|0|#2/0 - #7/0|Salmon family|42,48,158|31,32,33,34,37,38,39,40,48,49,50,51,52,53,54,55,194,195,196,197,200,208,209,210,214,215,217,228,229,231,232,236,244,245,246,251,252,254,255,256,354,355,356,357,358,359,360,361,368,369,370,371,372,373,374,375,381,382,427,428,430,431,432,433,459,460,461,463,464,469,470,471,474,493,494,504,505,511,512,513|ZANCUDO,LAGO,BHAMCA,CANNY,CCREAK,MTGORDO,PALFOR|giorno|4|1
Chub|Chub.png|0.8|1.5|2.5|152|157|165|0|0|#4 - #2/0|Carp family|23,24,25,33,36,38,181|9,10,15,16,23,24,25,26,27,28,35,36,41,42,43,62,63,64,65,181,183,184,185,187,194,195,196,197,200,208,209,210,211,212,213,214,215,217,228,229,231,232,235,236,244,245,246,251,252,253,254,255,256,294,313,327,328,329,330,331,332,333,334,335,336,337,338,339,340,341,342,343,344,345,346,347,348,349,350,351,352,353,354,355,356,357,358,359,360,361,362,363,364,365,366,367|TONGVAV,TONGVAH,LDAM,CHIL,LACT,MIRR,CYPRE,VCANA,ROCKF,VINE,WINDF,RANCHO,ELYSIAN|alba_tramonto|3|1
Chum Salmon|Chum_Salmon.png|6.5|12|18|100|100|100|0|0|#2/0 - #6/0|Salmon family|42,48,158,181|31,32,33,34,37,38,39,40,48,49,50,51,52,53,54,55,194,195,196,197,200,208,209,210,214,215,217,228,229,231,232,236,244,245,246,251,252,254,255,256,354,355,356,357,358,359,360,361,368,369,370,371,372,373,374,375,381,382,427,428,430,431,432,433,459,460,461,463,464,469,470,471,474,493,494,504,505,511,512,513|CANNY,CCREAK,MTGORDO,PALFOR|giorno|5|1
Clear Muskie|Clear_Muskie.png|10|20|30|100|102|110|0|1|#3/0 - #9/0|Pike family|42,47|1,2,5,6,13,14,17,18,29,30,44,45,46,47,181,182,183,184,185,186,187,188,189,190,191,192,193,194,195,196,197,198,199,200,201,202,203,204,205,206,207,208,209,210,211,212,213,214,215,216,217,218,219,220,221,222,223,224,225,226,227,228,229,230,231,232,233,234,235,236,237,238,239,240,241,242,243,244,245,246,247,248,249,250,251,252,253,254,255,256,257,258,259,260,261,262,263,264,265,266,267,268,269,270,271,272,273,274,275,276,277,278,279,280,281,282,283,284,285,286,287,288,289,290,291,292,293,294,295,296,297,298,299,300,301,302,303,304,305,306,307,308,309,310,311,312,313,314,315,316,317,318,319,320,321,322,323,324,325,326,327,328,329,330,331,332,333,334,335,336,337,338,339,340,341,342,343,344,345,346,347,348,349,350,351,352,353,354,355,356,357,358,359,360,361,362,363,364,365,366,367,368,369,370,371,372,373,374,375,381,382,427,428,430,431,432,433,459,460,461,463,464,469,470,471,474,493,494,504,505,511,512,513|TONGVAV,TONGVAH,LDAM,CHIL,LACT|alba_tramonto|5|1
Coalfish|Coalfish.png|9|19|32|276|276|276|0|0|#3/0 - #6/0|Saltwater Fish|160,161,172,196,197|1,2,3,4,5,6,7,8,9,10,11,12,13,14,15,16,17,18,19,20,21,22,23,24,25,26,27,28,29,30,31,32,33,34,35,36,37,38,39,40,41,42,43,44,45,46,47,48,49,50,51,52,53,54,55,56,57,58,59,60,61,62,63,64,65,66,67,68,69,70,71,72,73,74,75,76,77,78,79,80,81,82,83,84,85,86,122,123,124,125,126,127,128,129,130,131,132,133,134,135,136,137,138,139,140,141,142,143,144,145,146,147,148,149,150,151,152,153,154,155,156,157,158,159,160,161,162,163,164,165,166,167,168,169,170,171,172,173,174,175,176,177,178,179,180,368,369,370,371,372,373,374,375,376,377,378,379,380,381,382,383,384,385,386,387,388,389,390,391,392,393,394,395,396,397,398,399,400,401,402,403,404,405,406,407,408,409,410,411,412,413,414,415,416,417,418,419,420,421,422,423,424,425,426,427,428,429,430,431,432,433,434,435,436,437,438,439,440,441,442,443,444,445,446,447,448,449,450,451,452,453,454,455,456,457,458,459,460,461,462,463,464,465,466,467,468,469,470,471,472,473,474,475,476,477,478,479,480,481,482,483,484,485,486,487,488,489,490,491,492,493,494,495,496,497,498,499,500,501,502,503,504,505,506,507,508,509,510,511,512,513,514,515,516,517,518,519,520,521,522,523,524,525,526,527|PALCOV,PROCOB,PALETO,OCEANA|alba_tramonto|5|1
Coho Salmon|Coho_Salmon.png|5|10|14|100|100|100|0|0|#2/0 - #5/0|Salmon family|42,48,158,181|31,32,33,34,37,38,39,40,48,49,50,51,52,53,54,55,194,195,196,197,200,208,209,210,214,215,217,228,229,231,232,236,244,245,246,251,252,254,255,256,354,355,356,357,358,359,360,361,368,369,370,371,372,373,374,375,381,382,427,428,430,431,432,433,459,460,461,463,464,469,470,471,474,493,494,504,505,511,512,513|CANNY,CCREAK,MTGORDO,PALFOR|giorno|5|1
Colorado Golden Trout|Colorado_Golden_Trout.png|0.5|1|1.8|200|230|250|0|0|#6 - #1/0|Trout and Char family|23,24,25,33,36,48|9,10,15,16,23,24,25,26,27,28,35,36,41,42,43,62,63,64,65,327,328,329,330,331,332,333,334,335,336,337,338,339,340,341,342,343,344,345,346,347,348,349,350,351,352,353,354,355,356,357,358,359,360,361,362,363,364,365,366,367,368,369,370,371,372,373,374,375,376,377,378,379,380,381,382,383,384,385,394,395,398,399,400,423,424,425,426,427,428,429,430,431,432,433,438,439,440,441,447,450,451,452,456,457,458,459,460,461,462,463,464,469,470,471,474,475,476,486,487,488,489,490,493,494,499,504,505,511,512,513|CANNY,CCREAK,MTGORDO,PALFOR|alba_tramonto|5|1
Common Barbel|Common_Barbel.png|3|5.5|8.5|130|136|150|0|0|#6 - #1/0|Carp family|2,7,9,22,48,49,174||TONGVAV,TONGVAH,LDAM,CHIL,LACT|alba_tramonto|4|0
Common Bleak|Common_Bleak.png|0.15|0.285|0.435|72|76|81|0|0|#14|Carp family|3,5,7,24,26,27,28||TONGVAV,TONGVAH,LDAM,CHIL,LACT|giorno|4|0
Common Bream|Common_Bream.png|1.6|2.9|4.3|117|131|142|0|0|#6 - #2|Bream and Roach family|7,10,22,27,28,29,174||ALAMO,SANDY,GRAPES,MTCHIL,GALFISH,SANCHIA,TONGVAV,TONGVAH,LDAM,CHIL,LACT,MIRR,CYPRE,VCANA,ROCKF,VINE,WINDF,RANCHO,ELYSIAN|notte|2|0
Common Carp|Common_Carp.png|7|16|24|90|95|105|0|0|#3/0 - #6/0|Carp family|6,7,8,9,10,11,12,14||ALAMO,SANDY,GRAPES,MTCHIL,GALFISH,SANCHIA,ZANCUDO,LAGO,BHAMCA,TONGVAV,TONGVAH,LDAM,CHIL,LACT,MIRR,CYPRE,VCANA,ROCKF,VINE,WINDF,RANCHO,ELYSIAN|alba_tramonto|1|0
Common Dace|Common_Dace.png|0.5|0.9|1.3|141|117|155|0|0|#2 - #1/0|Carp family|7,16,23,24,25,33,36,39,174,181,185|9,10,15,16,23,24,25,26,27,28,35,36,41,42,43,62,63,64,65,181,182,183,184,185,186,187,188,189,190,191,192,193,194,195,196,197,198,199,200,201,202,203,204,205,206,207,208,209,210,211,212,213,214,215,216,217,218,219,220,221,222,223,224,225,226,227,228,229,230,231,232,233,234,235,236,237,238,239,240,241,242,243,244,245,246,247,248,249,250,251,252,253,254,255,256,257,258,259,260,261,262,263,264,265,266,267,268,269,270,271,272,273,274,275,276,277,278,279,280,281,282,283,284,285,286,287,288,289,290,291,292,293,294,295,296,297,298,299,300,301,302,303,304,305,306,307,308,309,310,311,312,313,314,315,316,317,318,319,320,321,322,323,324,325,326,327,328,329,330,331,332,333,334,335,336,337,338,339,340,341,342,343,344,345,346,347,348,349,350,351,352,353,354,355,356,357,358,359,360,361,362,363,364,365,366,367,376,377,378,379,380,383,384,385,394,395,398,399,400,486,487,488,489,490,499|CANNY,CCREAK,MTGORDO,PALFOR|giorno|5|1
Common Ling|Common_Ling.png|14|28|45|276|276|276|0|0|#4/0 - #7/0|Saltwater Fish|160,161,172,196,197|1,2,3,4,5,6,7,8,9,10,11,12,13,14,15,16,17,18,19,20,21,22,23,24,25,26,27,28,29,30,31,32,33,34,35,36,37,38,39,40,41,42,43,44,45,46,47,48,49,50,51,52,53,54,55,56,57,58,59,60,61,62,63,64,65,66,67,68,69,70,71,72,73,74,75,76,77,78,79,80,81,82,83,84,85,86,122,123,124,125,126,127,128,129,130,131,132,133,134,135,136,137,138,139,140,141,142,143,144,145,146,147,148,149,150,151,152,153,154,155,156,157,158,159,160,161,162,163,164,165,166,167,168,169,170,171,172,173,174,175,176,177,178,179,180,368,369,370,371,372,373,374,375,376,377,378,379,380,381,382,383,384,385,386,387,388,389,390,391,392,393,394,395,396,397,398,399,400,401,402,403,404,405,406,407,408,409,410,411,412,413,414,415,416,417,418,419,420,421,422,423,424,425,426,427,428,429,430,431,432,433,434,435,436,437,438,439,440,441,442,443,444,445,446,447,448,449,450,451,452,453,454,455,456,457,458,459,460,461,462,463,464,465,466,467,468,469,470,471,472,473,474,475,476,477,478,479,480,481,482,483,484,485,486,487,488,489,490,491,492,493,494,495,496,497,498,499,500,501,502,503,504,505,506,507,508,509,510,511,512,513,514,515,516,517,518,519,520,521,522,523,524,525,526,527|PALCOV,PROCOB,PALETO,OCEANA|notte|5|1
Common Minnow|Common_Minnow.png|0.15|0.285|0.435|130|136|146|0|0|#16||22,26,27,28,46,179||CANNY,CCREAK,MTGORDO,PALFOR|sempre|4|0
Common Nase|Common_Nase.png|0.6|1.2|1.6|95|110|130|0|0|#8 - #6|Carp family|3,7,22,23,26,27,28,37||TONGVAV,TONGVAH,LDAM,CHIL,LACT|sempre|4|0
Common Roach|Common_Roach.png|0.35|0.9|1.5|85|112|120|0|0|#12 - #9|Bream and Roach family|3,5,7,23,26,27,28,37||ALAMO,SANDY,GRAPES,MTCHIL,GALFISH,SANCHIA,CANNY,CCREAK,MTGORDO,PALFOR,TONGVAV,TONGVAH,LDAM,CHIL,LACT,MIRR,CYPRE,VCANA,ROCKF,VINE,WINDF,RANCHO,ELYSIAN|giorno|1|0
Common Rudd|Common_Rudd.png|0.4|0.8|1.4|88|96|127|0|0|#12 - #10|Bream and Roach family|3,5,7,23,27,28||TONGVAV,TONGVAH,LDAM,CHIL,LACT|giorno|4|0
Common Shiner|Common_Shiner.png|0.25|0.475|0.725|140|147|157|0|0|#8|Shinners and Minnows family|5,7||ZANCUDO,LAGO,BHAMCA,TONGVAV,TONGVAH,LDAM,CHIL,LACT|sempre|3|0
Common Snook|Common_Snook.png|6.5|13.5|20|55|56|56|0|0|#2/0 - #6/0||42,47,158,182,196,197|9,10,15,16,31,32,33,34,35,36,37,38,39,40,48,49,50,51,62,63,64,65,194,195,196,197,200,208,209,210,214,215,217,228,229,231,232,236,244,245,246,251,252,254,255,256,327,328,329,330,331,332,333,334,335,336,337,338,339,340,341,342,343,344,345,346,347,348,349,350,351,352,353,354,355,356,357,358,359,360,361,362,363,364,365,366,367,368,369,370,371,372,373,374,375,376,377,378,379,380,381,382,383,384,385,394,395,398,399,400,423,424,425,426,427,428,429,430,431,432,433,438,439,440,441,447,450,451,452,453,454,456,457,458,459,460,461,462,463,464,465,466,469,470,471,474,475,476,486,487,488,489,490,493,494,499,504,505,511,512,513|ZANCUDO,LAGO,BHAMCA|notte|4|1
Congo Yellowfish|Congo_Yellowfish.png|4.5|7|9|202|229|297|0|0|#4 - #1/0||5,7,9,10,11,12,14,22,23,25,27,28,29,36,174,179|23,24,25,26,27,28,41,42,43,327,328,329,330,331,332,335,336,337,368,369,370,371,372,373,374,375,376,377,378,379,380,381,382,383,384,385,394,395,398,399,400,417,418,419,420,423,424,425,426,427,428,429,430,431,432,433,438,439,440,441,447,450,451,452,456,457,458,459,460,461,462,463,464,467,468,469,470,471,472,473,474,475,476,477,478,481,482,486,487,488,489,490,491,492,493,494,495,496,497,498,499,504,505,511,512,513|ALAMO,SANDY,GRAPES,MTCHIL,GALFISH,SANCHIA|alba_tramonto|5|1
Cornish Jack|Cornish_Jack.png|8|12|15|195|305|384|0|0|#3/0 - #6/0||42,43,57,174,181,183,193|9,10,15,16,35,36,62,63,64,65,77,78,79,80,81,82,83,84,85,86,327,328,329,330,331,332,333,334,335,336,337,338,339,340,341,342,343,344,345,346,347,348,349,350,351,352,353,354,355,356,357,358,359,360,361,362,363,364,365,366,367,368,369,370,371,372,373,374,375,376,377,378,379,380,381,382,383,384,385,390,391,392,393,394,395,398,399,400,405,406,407,408,413,414,415,416,417,418,419,420,423,424,425,426,427,428,429,430,431,432,433,438,439,440,441,447,450,451,452,456,457,458,459,460,461,462,463,464,469,470,471,472,473,474,475,476,481,482,486,487,488,489,490,493,494,497,498,499,504,505,506,507,508,511,512,513|ALAMO,SANDY,GRAPES,MTCHIL,GALFISH,SANCHIA|notte|5|1
Creek Brown Trout|Creek_Brown_Trout.png|0.5|1|1.8|171|170|175|0|0|#6 - #1/0|Trout and Char family|23,24,25,33,44,46|9,10,15,16,23,24,25,26,27,28,35,36,41,42,43,62,63,64,65,327,328,329,330,331,332,333,334,335,336,337,338,339,340,341,342,343,344,345,346,347,348,349,350,351,352,353,354,355,356,357,358,359,360,361,362,363,364,365,366,367,368,369,370,371,372,373,374,375,376,377,378,379,380,381,382,383,384,385,394,395,398,399,400,427,428,430,431,432,433,459,460,461,463,464,469,470,471,474,486,487,488,489,490,493,494,499,504,505,511,512,513|TONGVAV,TONGVAH,LDAM,CHIL,LACT|notte|5|1
Crucian Carp|Crucian_Carp.png|0.6|1.5|2.7|125|130|145|0|0|#8 - #2|Carp family|5,6,7,14,22,28||TONGVAV,TONGVAH,LDAM,CHIL,LACT,MIRR,CYPRE,VCANA,ROCKF,VINE,WINDF,RANCHO,ELYSIAN|alba_tramonto|2|0
Cusk|Cusk.png|6|13|20|376|376|376|0|0|#3/0 - #6/0|Saltwater Fish|158,159,160,161,162,172,194|1,2,3,4,5,6,7,8,9,10,11,12,13,14,15,16,17,18,19,20,21,22,23,24,25,26,27,28,29,30,31,32,33,34,35,36,37,38,39,40,41,42,43,44,45,46,47,48,49,50,51,52,53,54,55,56,57,58,59,60,61,62,63,64,65,66,67,68,69,70,71,72,73,74,75,76,77,78,79,80,81,82,83,84,85,86,122,123,124,125,126,127,128,129,130,131,132,133,134,135,136,137,138,139,140,141,142,143,144,145,146,147,148,149,150,151,152,153,154,155,156,157,158,159,160,161,162,163,164,165,166,167,168,169,170,171,172,173,174,175,176,177,178,179,180,368,369,370,371,372,373,374,375,376,377,378,379,380,381,382,383,384,385,386,387,388,389,390,391,392,393,394,395,396,397,398,399,400,401,402,403,404,405,406,407,408,409,410,411,412,413,414,415,416,417,418,419,420,421,422,423,424,425,426,427,428,429,430,431,432,433,434,435,436,437,438,439,440,441,442,443,444,445,446,447,448,449,450,451,452,453,454,455,456,457,458,459,460,461,462,463,464,465,466,467,468,469,470,471,472,473,474,475,476,477,478,479,480,481,482,483,484,485,486,487,488,489,490,491,492,493,494,495,496,497,498,499,500,501,502,503,504,505,506,507,508,509,510,511,512,513,514,515,516,517,518,519,520,521,522,523,524,525,526,527|PALCOV,PROCOB,PALETO,OCEANA|sempre|5|1
Cutthroat Trout|Cutthroat_Trout.png|1|1.5|2|165|165|165|0|0|#1 - #2/0|Trout and Char family|23,24,33,44,46|9,10,15,16,35,36,62,63,64,65,327,328,329,330,331,332,333,334,335,336,337,338,339,340,341,342,343,344,345,346,347,348,349,350,351,352,353,354,355,356,357,358,359,360,361,362,363,364,365,366,367,368,369,370,371,372,373,374,375,376,377,378,379,380,381,382,383,384,385,394,395,398,399,400,427,428,430,431,432,433,459,460,461,463,464,469,470,471,474,486,487,488,489,490,493,494,499,504,505,511,512,513|CANNY,CCREAK,MTGORDO,PALFOR|alba_tramonto|4|1
Dogtooth Tuna|Dogtooth_Tuna.png|55|95|135|160|170|172|0|2|#5/0 - #8/0|Tuna family|167,196,197,198,199|31,32,33,34,37,38,39,40,48,49,50,51,122,123,124,125,126,127,128,129,130,131,132,133,134,135,136,137,138,139,140,141,142,143,144,145,146,147,148,149,150,151,152,153,154,155,156,157,158,159,160,161,162,163,164,165,166,167,168,169,170,171,172,173,174,175,176,177,178,179,180,181,182,183,184,185,186,187,188,189,190,191,192,193,194,195,196,197,198,199,200,201,202,203,204,205,206,207,208,209,210,211,212,213,214,215,216,217,218,219,220,221,222,223,224,225,226,227,228,229,230,231,232,233,234,235,236,237,238,239,240,241,242,243,244,245,246,247,248,249,250,251,252,253,254,255,256,257,258,259,260,261,262,263,264,265,266,267,268,269,270,271,272,273,274,275,276,277,278,279,280,281,282,283,284,285,286,287,288,289,290,291,292,293,294,295,296,297,298,299,300,301,302,303,304,305,306,307,308,309,310,311,312,313,314,315,316,317,318,319,320,321,322,323,324,325,326|CHU,DELPE,VESP,BEACH,BANHAMC,PBLUFF,SANAND,EBURO,DELSOL,OCEANA|giorno|4|1
Dolly Varden|Dolly_Varden.png|3.5|6.5|10|80|100|100|0|0|#1/0 - #4/0|Trout and Char family|36,42,48,181|52,53,54,55,194,195,196,197,200,208,209,210,214,215,217,228,229,231,232,236,244,245,246,251,252,254,255,256,354,355,356,357,358,359,360,361,368,369,370,371,372,373,374,375,381,382,427,428,430,431,432,433,459,460,461,463,464,469,470,471,474,493,494,504,505,511,512,513|CANNY,CCREAK,MTGORDO,PALFOR|alba_tramonto|5|1
Electric Eel|Electric_Eel.png|10|15|20|100|117|125|0|0|#3/0 - #6/0||42,56,181,190||ZANCUDO,LAGO,BHAMCA|notte|5|0
Elephant Fish|Elephant_Fish.png|0.9|1.5|2.2|196|182|179|0|0|#8 - #1||22,26,27,28,29,30,37,179||ALAMO,SANDY,GRAPES,MTCHIL,GALFISH,SANCHIA|notte|5|0
Eurasian Ruffe|Eurasian_Ruffe.png|0.35|0.665|1.015|100|105|112|0|0|#1|Perch family|22,27,28,174||ALAMO,SANDY,GRAPES,MTCHIL,GALFISH,SANCHIA,TONGVAV,TONGVAH,LDAM,CHIL,LACT|notte|3|0
European Angler|European_Angler.png|15|35|60|379|379|379|0|0|#5/0 - #9/0|Saltwater Fish|160,164,197|122,123,124,125,126,127,128,129,130,131,132,133,134,135,136,137,138,139,140,141,142,143,144,145,146,147,148,149,150,151,152,153,154,155,156,157,158,159,160,161,162,163,164,165,166,167,168,169,170,171,172,173,174,175,176,177,178,179,180,368,369,370,371,372,373,374,375,376,377,378,379,380,381,382,383,384,385,386,387,388,389,390,391,392,393,394,395,396,397,398,399,400,401,402,403,404,405,406,407,408,409,410,411,412,413,414,415,416,417,418,419,420,421,422,423,424,425,426,427,428,429,430,431,432,433,434,435,436,437,438,439,440,441,442,443,444,445,446,447,448,449,450,451,452,453,454,455,456,457,458,459,460,461,462,463,464,465,466,467,468,469,470,471,472,473,474,475,476,477,478,479,480,481,482,483,484,485,486,487,488,489,490,491,492,493,494,495,496,497,498,499,500,501,502,503,504,505,506,507,508,509,510,511,512,513,514,515,516,517,518,519,520,521,522,523,524,525,526,527|PALCOV,PROCOB,PALETO,OCEANA|sempre|5|1
European Bitterling|European_Bitterling.png|0.15|0.285|0.435|70|74|78|0|0|#14|Bream and Roach family|5,7,22,27,28||TONGVAV,TONGVAH,LDAM,CHIL,LACT|giorno|4|0
European Brown Trout|European_Brown_Trout.png|1.2|2.5|4|152|157|173|0|0|#1 - #3/0|Trout and Char family|33,36,46,48,158,181|9,10,15,16,23,24,25,26,27,28,35,36,41,42,43,62,63,64,65,194,195,196,197,200,208,209,210,214,215,217,228,229,231,232,236,244,245,246,251,252,254,255,256,327,328,329,330,331,332,333,334,335,336,337,338,339,340,341,342,343,344,345,346,347,348,349,350,351,352,353,354,355,356,357,358,359,360,361,362,363,364,365,366,367,368,369,370,371,372,373,374,375,376,377,378,379,380,381,382,383,384,385,394,395,398,399,400,427,428,430,431,432,433,459,460,461,463,464,469,470,471,474,486,487,488,489,490,493,494,499,504,505,511,512,513|TONGVAV,TONGVAH,LDAM,CHIL,LACT|notte|5|1
European Eel|European_Eel.png|1.5|3|5|113|115|150|0|0|#4 - #3/0||2,42,43,158,174,181,182,183||ALAMO,SANDY,GRAPES,MTCHIL,GALFISH,SANCHIA,TONGVAV,TONGVAH,LDAM,CHIL,LACT,MIRR,CYPRE,VCANA,ROCKF,VINE,WINDF,RANCHO,ELYSIAN|notte|3|0
European Flounder|European_Flounder.png|0.9|1.9|3|143|144|146|0|0|#6 - #2||22,43,45,158,174,181,182|368,369,370,371,372,373,374,375,376,377,378,379,380,381,382,383,384,385,386,387,388,389,390,391,392,393,394,395,398,399,400,405,406,407,408,413,414,415,416,423,424,425,426,427,428,429,430,431,432,433,438,439,440,441,447,450,451,452,453,454,456,457,458,459,460,461,462,463,464,465,466,469,470,471,474,475,476,486,487,488,489,490,493,494,499,504,505,506,507,508,511,512,513|MIRR,CYPRE,VCANA,ROCKF,VINE,WINDF,RANCHO,ELYSIAN|alba_tramonto|5|1
European Grayling|European_Grayling.png|0.8|1.5|2.8|160|162|172|0|0|#2 - #1/0|Trout and Char family|23,25,33,44,46,48|9,10,15,16,23,24,25,26,27,28,35,36,41,42,43,62,63,64,65,327,328,329,330,331,332,333,334,335,336,337,338,339,340,341,342,343,344,345,346,347,348,349,350,351,352,353,354,355,356,357,358,359,360,361,362,363,364,365,366,367,368,369,370,371,372,373,374,375,376,377,378,379,380,381,382,383,384,385,394,395,398,399,400,427,428,430,431,432,433,459,460,461,463,464,469,470,471,474,486,487,488,489,490,493,494,499,504,505,511,512,513|TONGVAV,TONGVAH,LDAM,CHIL,LACT|giorno|4|1
European Hake|European_Hake.png|3|7|15|378|378|378|0|0|#3/0 - #6/0|Saltwater Fish|158,161,172,196,197|122,123,124,125,126,127,128,129,130,131,132,133,134,135,136,137,138,139,140,141,142,143,144,145,146,147,148,149,150,151,152,153,154,155,156,157,158,159,160,161,162,163,164,165,166,167,168,169,170,171,172,173,174,175,176,177,178,179,180,368,369,370,371,372,373,374,375,376,377,378,379,380,381,382,383,384,385,386,387,388,389,390,391,392,393,394,395,396,397,398,399,400,401,402,403,404,405,406,407,408,409,410,411,412,413,414,415,416,417,418,419,420,421,422,423,424,425,426,427,428,429,430,431,432,433,434,435,436,437,438,439,440,441,442,443,444,445,446,447,448,449,450,451,452,453,454,455,456,457,458,459,460,461,462,463,464,465,466,467,468,469,470,471,472,473,474,475,476,477,478,479,480,481,482,483,484,485,486,487,488,489,490,491,492,493,494,495,496,497,498,499,500,501,502,503,504,505,506,507,508,509,510,511,512,513,514,515,516,517,518,519,520,521,522,523,524,525,526,527|PALCOV,PROCOB,PALETO,OCEANA|notte|5|1
European Perch|European_Perch.png|0.6|1.6|2.7|75|77|95|0|0|#1 - #6/0|Perch family|22,28,181|3,4,7,8,11,12,19,20,21,22,327,328,329,330,331,332,333,334,335,336,337,338,339,340,341,342,343,344,345,346,347,348,349,350,351,352,353,354,355,356,357,358,359,360,361,362,363,364,365,366,367,368,369,370,371,372,373,374,375,376,377,378,379,380,381,382,383,384,385,394,395,398,399,400,427,428,430,431,432,433,459,460,461,463,464,469,470,471,474,486,487,488,489,490,493,494,499,504,505,511,512,513|ALAMO,SANDY,GRAPES,MTCHIL,GALFISH,SANCHIA,CANNY,CCREAK,MTGORDO,PALFOR,TONGVAV,TONGVAH,LDAM,CHIL,LACT,MIRR,CYPRE,VCANA,ROCKF,VINE,WINDF,RANCHO,ELYSIAN|alba_tramonto|1|1
European Sea Sturgeon|European_Sea_Sturgeon.png|150|250|400|172|172|172|0|0|#7/0 - #15/0|Saltwater Fish|159,160,161,164,172||PALCOV,PROCOB,PALETO,OCEANA|notte|5|0
European Weatherfish|European_Weatherfish.png|0.25|0.4|0.4|110|150|}}|0|0|#8 - #6||22,27,28,174||TONGVAV,TONGVAH,LDAM,CHIL,LACT,MIRR,CYPRE,VCANA,ROCKF,VINE,WINDF,RANCHO,ELYSIAN|notte|3|0
Flag-Tailed Prochilodus|Flag-Tailed_Prochilodus.png|0.35|0.7|1|108|143|150|0|0|#8 - #4||9,10,17||ALAMO,SANDY,GRAPES,MTCHIL,GALFISH,SANCHIA,ZANCUDO,LAGO,BHAMCA|giorno|4|0
Flathead Catfish|Flathead_Catfish.png|15|23|32|40|42|44|0|0|#3/0 - #8/0|Catfish family|35,42,45,47,51|194,195,196,197,200,208,209,210,214,215,217,228,229,231,232,236,244,245,246,251,252,254,255,256,368,369,370,371,372,373,374,375,381,382,390,391,392,393,405,406,407,408,413,414,415,416,427,428,430,431,432,433,453,454,459,460,461,463,464,465,466,469,470,471,474,493,494,504,505,506,507,508,511,512,513|ALAMO,SANDY,GRAPES,MTCHIL,GALFISH,SANCHIA,ZANCUDO,LAGO,BHAMCA|notte|4|1
Flatwhiskered Catfish|Flatwhiskered_Catfish.png|3|5|8|45|50|60|0|0|#2/0 - #5/0|Catfish family|35,45,57,183,189||ALAMO,SANDY,GRAPES,MTCHIL,GALFISH,SANCHIA,ZANCUDO,LAGO,BHAMCA|notte|3|0
Florida Gar|Florida_Gar.png|3.3|7.7|9.2|75|75|80|0|1|#1/0 - #4/0|Gar family|42,47,51,181,183|194,195,196,197,200,208,209,210,214,215,217,228,229,231,232,236,244,245,246,251,252,254,255,256,368,369,370,371,372,373,374,375,381,382,427,428,430,431,432,433,459,460,461,463,464,469,470,471,474,493,494,504,505,511,512,513|ZANCUDO,LAGO,BHAMCA|notte|5|1
Freshwater Drum|Freshwater_Drum.png|3|5|15|50|50|60|0|0|#1/0 - #5/0|Drum family|10,174,181|327,328,329,330,331,332,333,334,335,336,337,338,339,340,341,342,343,344,345,346,347,348,349,350,351,352,353,354,355,356,357,358,359,360,361,362,363,364,365,366,367,368,369,370,371,372,373,374,375,376,377,378,379,380,381,382,383,384,385,386,387,388,389,394,395,398,399,400,423,424,425,426,427,428,429,430,431,432,433,438,439,440,441,447,450,451,452,456,457,458,459,460,461,462,463,464,469,470,471,474,475,476,486,487,488,489,490,493,494,499,504,505,511,512,513|ZANCUDO,LAGO,BHAMCA,TONGVAV,TONGVAH,LDAM,CHIL,LACT|notte|3|1
Gafftopsail Catfish|Gafftopsail_Catfish.png|1|2.5|4.5|77|80|82|0|0|#1 - #2/0|Catfish family|43,45,158,182|390,391,392,393,401,402,403,404,405,406,407,408,409,410,413,414,415,416,453,454,465,466,479,480,506,507,508|ZANCUDO,LAGO,BHAMCA|notte|4|1
Ghost Carp|Ghost_Carp.png|5|14|22|121|125|135|0|0|#2 - #6/0|Carp family|6,7,8,9,10,11,12,14||MIRR,CYPRE,VCANA,ROCKF,VINE,WINDF,RANCHO,ELYSIAN|alba_tramonto|5|0
Giant Grouper|Giant_Grouper.png|140|260|260|165|168|}}|0|0|#8/0 - #16/0|Saltwater Fish|160,164,165,166,167,197||CHU,DELPE,VESP,BEACH,BANHAMC,PBLUFF,SANAND,EBURO,DELSOL,OCEANA|alba_tramonto|4|0
Giant Sweetlips|Giant_Sweetlips.png|7|11|15|182|191|197|0|0|#3/0 - #6/0|Saltwater Fish|158,161,168,172,196,199,200|122,123,124,125,126,127,128,129,130,131,132,133,134,135,136,137,138,139,140,141,142,143,144,145,146,147,148,149,150,151,152,153,154,155,156,157,158,159,160,161,162,163,164,165,166,167,168,169,170,171,172,173,174,175,176,177,178,179,180|SANAND,EBURO,DELSOL,OCEANA|notte|5|1
Giant Trevally|Giant_Trevally.png|30|60|85|197|198|203|0|0|#5/0 - #8/0|Saltwater Fish|160,161,163,164,167,196,197,198,199|31,32,33,34,37,38,39,40,48,49,50,51,122,123,124,125,126,127,128,129,130,131,132,133,134,135,136,137,138,139,140,141,142,143,144,145,146,147,148,149,150,151,152,153,154,155,156,157,158,159,160,161,162,163,164,165,166,167,168,169,170,171,172,173,174,175,176,177,178,179,180,181,182,183,184,185,186,187,188,189,190,191,192,193,194,195,196,197,198,199,200,201,202,203,204,205,206,207,208,209,210,211,212,213,214,215,216,217,218,219,220,221,222,223,224,225,226,227,228,229,230,231,232,233,234,235,236,237,238,239,240,241,242,243,244,245,246,247,248,249,250,251,252,253,254,255,256,257,258,259,260,261,262,263,264,265,266,267,268,269,270,271,272,273,274,275,276,277,278,279,280,281,282,283,284,285,286,287,288,289,290,291,292,293,294,295,296,297,298,299,300,301,302,303,304,305,306,307,308,309,310,311,312,313,314,315,316,317,318,319,320,321,322,323,324,325,326,368,369,370,371,372,373,374,375,376,377,378,379,380,381,382,383,384,385,394,395,398,399,400,427,428,430,431,432,433,459,460,461,463,464,469,470,471,474,486,487,488,489,490,493,494,499,504,505,511,512,513|CHU,DELPE,VESP,BEACH,BANHAMC,PBLUFF,SANAND,EBURO,DELSOL,OCEANA|giorno|4|1
Gilded Catfish|Gilded_Catfish.png|25|50|80|83|99|130|0|0|#4/0 - #8/0|Catfish family|42,47,56,189|368,369,370,371,372,373,374,375,381,382,390,391,392,393,405,406,407,408,413,414,415,416,427,428,430,431,432,433,453,454,459,460,461,463,464,465,466,469,470,471,474,493,494,504,505,506,507,508,511,512,513|ALAMO,SANDY,GRAPES,MTCHIL,GALFISH,SANCHIA,ZANCUDO,LAGO,BHAMCA|notte|4|1
Giraffe Catfish|Giraffe_Catfish.png|4.5|7|10|139|151|187|0|0|#1/0 - #5/0|Catfish family|9,10,18,19,22,27,28,30,35,57,174,179,182||ALAMO,SANDY,GRAPES,MTCHIL,GALFISH,SANCHIA|notte|5|0
Golden Shiner|Golden_Shiner.png|0.35|0.665|1.015|100|105|112|0|0|#8|Shinners and Minnows family|5,7||ALAMO,SANDY,GRAPES,MTCHIL,GALFISH,SANCHIA,ZANCUDO,LAGO,BHAMCA,CANNY,CCREAK,MTGORDO,PALFOR,TONGVAV,TONGVAH,LDAM,CHIL,LACT|alba_tramonto|1|0
Golden Tench|Golden_Tench.png|0.7|1.8|4|145|155|160|0|0|#8 - #1|Carp family|22,28,35,174,182||MIRR,CYPRE,VCANA,ROCKF,VINE,WINDF,RANCHO,ELYSIAN|notte|5|0
Goliath Tigerfish|Goliath_Tigerfish.png|25|35|52|256|387|433|0|2|#5/0 - #8/0||42,47,193|77,78,79,80,81,82,83,84,85,86,181,182,183,184,185,186,187,188,189,190,191,192,193,194,195,196,197,198,199,200,201,202,203,204,205,206,207,208,209,210,211,212,213,214,215,216,217,218,219,220,221,222,223,224,225,226,227,228,229,230,231,232,233,234,235,236,237,238,239,240,241,242,243,244,245,246,247,248,249,250,251,252,253,254,255,256,257,258,259,260,261,262,263,264,265,266,267,268,269,270,271,272,273,274,275,276,277,278,279,280,281,282,283,284,285,286,287,288,289,290,291,292,293,294,295,296,297,298,299,300,301,302,303,304,305,306,307,308,309,310,311,312,313,314,315,316,317,318,319,320,321,322,323,324,325,326,354,355,356,357,358,359,360,361|ALAMO,SANDY,GRAPES,MTCHIL,GALFISH,SANCHIA|giorno|5|1
Gorgeous Swallowtail|Gorgeous_Swallowtail.png|0.7|1.2|1.8|182|191|197|0|0|#2/0 - #4/0|Saltwater Fish|158,161,168,196,199,200|122,123,124,125,126,127,128,129,130,131,132,133,134,135,136,137,138,139,140,141,142,143,144,145,146,147,148,149,150,151,152,153,154,155,156,157,158,159,160,161,162,163,164,165,166,167,168,169,170,171,172,173,174,175,176,177,178,179,180|SANAND,EBURO,DELSOL,OCEANA|giorno|5|1
Grass Carp|Grass_Carp.png|6|16|28|85|87|90|0|0|#1/0 - #6/0|Carp family|6,7,8,9,10,11,12,14||ALAMO,SANDY,GRAPES,MTCHIL,GALFISH,SANCHIA,TONGVAV,TONGVAH,LDAM,CHIL,LACT,MIRR,CYPRE,VCANA,ROCKF,VINE,WINDF,RANCHO,ELYSIAN|giorno|3|0
Grass Pickerel|Grass_Pickerel.png|0.4|0.7|0.7|150|170|}}|0|0|#1 - #2/0|Pike family|47,181|1,2,5,6,13,14,17,18,29,30,44,45,46,47,181,183,184,185,187,201,202,203,204,205,211,212,213,221,222,223,224,225,235,253,294,313,368,369,370,371,372,373,374,375,381,382,427,428,430,431,432,433,459,460,461,463,464,469,470,471,474,493,494,504,505,511,512,513|ALAMO,SANDY,GRAPES,MTCHIL,GALFISH,SANCHIA,ZANCUDO,LAGO,BHAMCA,TONGVAV,TONGVAH,LDAM,CHIL,LACT|alba_tramonto|3|1
Great Barracuda|Great_Barracuda.png|15|30|50|169|183|197|0|1|#4/0 - #7/0|Saltwater Fish|170,197,202|1,2,3,4,5,6,7,8,9,10,11,12,13,14,15,16,17,18,19,20,21,22,23,24,25,26,27,28,29,30,31,32,33,34,35,36,37,38,39,40,41,42,43,44,45,46,47,48,49,50,51,52,53,54,55,56,57,58,59,60,61,62,63,64,65,66,67,68,69,70,71,72,73,74,75,76,77,78,79,80,81,82,83,84,85,86,122,123,124,125,126,127,128,129,130,131,132,133,134,135,136,137,138,139,140,141,142,143,144,145,146,147,148,149,150,151,152,153,154,155,156,157,158,159,160,161,162,163,164,165,166,167,168,169,170,171,172,173,174,175,176,177,178,179,180,181,182,183,184,185,186,187,188,189,190,191,192,193,194,195,196,197,198,199,200,201,202,203,204,205,206,207,208,209,210,211,212,213,214,215,216,217,218,219,220,221,222,223,224,225,226,227,228,229,230,231,232,233,234,235,236,237,238,239,240,241,242,243,244,245,246,247,248,249,250,251,252,253,254,255,256,257,258,259,260,261,262,263,264,265,266,267,268,269,270,271,272,273,274,275,276,277,278,279,280,281,282,283,284,285,286,287,288,289,290,291,292,293,294,295,296,297,298,299,300,301,302,303,304,305,306,307,308,309,310,311,312,313,314,315,316,317,318,319,320,321,322,323,324,325,326,354,355,356,357,358,359,360,361|SANAND,EBURO,DELSOL,OCEANA|giorno|5|1
Greater Amberjack|Greater_Amberjack.png|30|60|85|155|166|166|0|0|#5/0 - #8/0|Saltwater Fish|160,161,163,164,167,196,197,198,199|31,32,33,34,37,38,39,40,48,49,50,51,122,123,124,125,126,127,128,129,130,131,132,133,134,135,136,137,138,139,140,141,142,143,144,145,146,147,148,149,150,151,152,153,154,155,156,157,158,159,160,161,162,163,164,165,166,167,168,169,170,171,172,173,174,175,176,177,178,179,180,181,182,183,184,185,186,187,188,189,190,191,192,193,194,195,196,197,198,199,200,201,202,203,204,205,206,207,208,209,210,211,212,213,214,215,216,217,218,219,220,221,222,223,224,225,226,227,228,229,230,231,232,233,234,235,236,237,238,239,240,241,242,243,244,245,246,247,248,249,250,251,252,253,254,255,256,257,258,259,260,261,262,263,264,265,266,267,268,269,270,271,272,273,274,275,276,277,278,279,280,281,282,283,284,285,286,287,288,289,290,291,292,293,294,295,296,297,298,299,300,301,302,303,304,305,306,307,308,309,310,311,312,313,314,315,316,317,318,319,320,321,322,323,324,325,326|CHU,DELPE,VESP,BEACH,BANHAMC,PBLUFF,SANAND,EBURO,DELSOL,OCEANA|giorno|4|1
Green Jobfish|Green_Jobfish.png|6|10|16|183|192|198|0|0|#4/0 - #7/0|Saltwater Fish|158,160,161,162,167,196,197,199|122,123,124,125,126,127,128,129,130,131,132,133,134,135,136,137,138,139,140,141,142,143,144,145,146,147,148,149,150,151,152,153,154,155,156,157,158,159,160,161,162,163,164,165,166,167,168,169,170,171,172,173,174,175,176,177,178,179,180|CHU,DELPE,VESP,BEACH,BANHAMC,PBLUFF,SANAND,EBURO,DELSOL,OCEANA|alba_tramonto|4|1
Green Sunfish|Green_Sunfish.png|0.2|0.38|0.58|70|74|78|0|0|#10|Panfish family|7,8,28,30||ALAMO,SANDY,GRAPES,MTCHIL,GALFISH,SANCHIA,ZANCUDO,LAGO,BHAMCA,TONGVAV,TONGVAH,LDAM,CHIL,LACT|giorno|3|0
Greenland Halibut|Greenland_Halibut.png|25|35|45|170|170|170|0|0|#7/0 - #11/0|Saltwater Fish|160,161,164,172|122,123,124,125,126,127,128,129,130,131,132,133,134,135,136,137,138,139,140,141,142,143,144,145,146,147,148,149,150,151,152,153,154,155,156,157,158,159,160,161,162,163,164,165,166,167,168,169,170,171,172,173,174,175,176,177,178,179,180,368,369,370,371,372,373,374,375,376,377,378,379,380,381,382,383,384,385,386,387,388,389,390,391,392,393,394,395,396,397,398,399,400,401,402,403,404,405,406,407,408,409,410,411,412,413,414,415,416,417,418,419,420,421,422,423,424,425,426,427,428,429,430,431,432,433,434,435,436,437,438,439,440,441,442,443,444,445,446,447,448,449,450,451,452,453,454,455,456,457,458,459,460,461,462,463,464,465,466,467,468,469,470,471,472,473,474,475,476,477,478,479,480,481,482,483,484,485,486,487,488,489,490,491,492,493,494,495,496,497,498,499,500,501,502,503,504,505,506,507,508,509,510,511,512,513,514,515,516,517,518,519,520,521,522,523,524,525,526,527|PALCOV,PROCOB,PALETO,OCEANA|sempre|5|1
Greenland Shark|Greenland_Shark.png|350|550|700|170|170|170|0|2|#10/0 - #16/0|Saltwater Fish|164,166,201,157||PALCOV,PROCOB,PALETO,OCEANA|notte|5|0
Gudgeon|Gudgeon.png|0.2|0.38|0.58|130|136|146|0|0|#16|Shinners and Minnows family|22,28,174||TONGVAV,TONGVAH,LDAM,CHIL,LACT|giorno|4|0
Haddock|Haddock.png|4|10|17|378|378|378|0|0|#3/0 - #5/0|Saltwater Fish|48,158,159,161,162,172,194,196|122,123,124,125,126,127,128,129,130,131,132,133,134,135,136,137,138,139,140,141,142,143,144,145,146,147,148,149,150,151,152,153,154,155,156,157,158,159,160,161,162,163,164,165,166,167,168,169,170,171,172,173,174,175,176,177,178,179,180,368,369,370,371,372,373,374,375,376,377,378,379,380,381,382,383,384,385,386,387,388,389,390,391,392,393,394,395,396,397,398,399,400,401,402,403,404,405,406,407,408,409,410,411,412,413,414,415,416,417,418,419,420,421,422,423,424,425,426,427,428,429,430,431,432,433,434,435,436,437,438,439,440,441,442,443,444,445,446,447,448,449,450,451,452,453,454,455,456,457,458,459,460,461,462,463,464,465,466,467,468,469,470,471,472,473,474,475,476,477,478,479,480,481,482,483,484,485,486,487,488,489,490,491,492,493,494,495,496,497,498,499,500,501,502,503,504,505,506,507,508,509,510,511,512,513,514,515,516,517,518,519,520,521,522,523,524,525,526,527|PALCOV,PROCOB,PALETO,OCEANA|giorno|5|1
Humpback Whitefish|Humpback_Whitefish.png|1.2|2.4|4|115|120|125|0|0|#1 - #2/0|Salmon family|22,28,46,48,53,174,179,181,185,186|9,10,15,16,23,24,25,26,27,28,35,36,41,42,43,62,63,64,65,327,328,329,330,331,332,333,334,335,336,337,338,339,340,341,342,343,344,345,346,347,348,349,350,351,352,353,354,355,356,357,358,359,360,361,362,363,364,365,366,367,376,377,378,379,380,383,384,385,390,391,392,393,394,395,398,399,400,405,406,407,408,413,414,415,416,486,487,488,489,490,499,506,507,508|CANNY,CCREAK,MTGORDO,PALFOR|alba_tramonto|5|1
Hybrid F1 Carp|Hybrid_F1_Carp.png|0.4|1|1.8|120|135|145|0|0|#8 - #4|Carp family|5,6,7,14,22,28||MIRR,CYPRE,VCANA,ROCKF,VINE,WINDF,RANCHO,ELYSIAN|alba_tramonto|5|0
Ide|Ide.png|0.9|1.9|3.2|166|169|173|0|0|#4 - #4/0|Bream and Roach family|23,24,25,33,36,38,181|9,10,15,16,23,24,25,26,27,28,35,36,41,42,43,62,63,64,65,181,183,184,185,187,194,195,196,197,200,208,209,210,211,212,213,214,215,217,228,229,231,232,235,236,244,245,246,251,252,253,254,255,256,294,313,327,328,329,330,331,332,333,334,335,336,337,338,339,340,341,342,343,344,345,346,347,348,349,350,351,352,353,354,355,356,357,358,359,360,361,362,363,364,365,366,367|CANNY,CCREAK,MTGORDO,PALFOR,TONGVAV,TONGVAH,LDAM,CHIL,LACT,MIRR,CYPRE,VCANA,ROCKF,VINE,WINDF,RANCHO,ELYSIAN|giorno|3|1
Indo-Pacific King Mackerel|Indo-Pacific_King_Mackerel.png|3|5|7|110|116|128|0|0|#2/0 - #5/0|Saltwater Fish|167,196,197,199,202|1,2,3,4,5,6,7,8,9,10,11,12,13,14,15,16,17,18,19,20,21,22,23,24,25,26,27,28,29,30,31,32,33,34,35,36,37,38,39,40,41,42,43,44,45,46,47,48,49,50,51,52,53,54,55,56,57,58,59,60,61,62,63,64,65,66,67,68,69,70,71,72,73,74,75,76,77,78,79,80,81,82,83,84,85,86,122,123,124,125,126,127,128,129,130,131,132,133,134,135,136,137,138,139,140,141,142,143,144,145,146,147,148,149,150,151,152,153,154,155,156,157,158,159,160,161,162,163,164,165,166,167,168,169,170,171,172,173,174,175,176,177,178,179,180,194,195,196,197,200,208,209,210,214,215,217,228,229,231,232,236,244,245,246,251,252,254,255,256,368,369,370,371,372,373,374,375,376,377,378,379,380,381,382,383,384,385,390,391,392,393,394,395,398,399,400,405,406,407,408,413,414,415,416,417,418,419,420,423,424,425,426,427,428,429,430,431,432,433,438,439,440,441,447,450,451,452,456,457,458,459,460,461,462,463,464,469,470,471,472,473,474,475,476,481,482,486,487,488,489,490,493,494,497,498,499,504,505,506,507,508,511,512,513|SANAND,EBURO,DELSOL,OCEANA|giorno|5|1
Jacunda|Jacunda.png|0.7|1.3|2|277|267|188|0|0|#1/0 - #3/0||40,56,57|181,182,183,184,185,186,187,188,189,190,191,192,193,194,195,196,197,198,199,200,201,202,203,204,205,206,207,208,209,210,211,212,213,214,215,216,217,218,219,220,221,222,223,224,225,226,227,228,229,230,231,232,233,234,235,236,237,238,239,240,241,242,243,244,245,246,247,248,249,250,251,252,253,254,255,256,257,258,259,260,261,262,263,264,265,266,267,268,269,270,271,272,273,274,275,276,277,278,279,280,281,282,283,284,285,286,287,288,289,290,291,292,293,294,295,296,297,298,299,300,301,302,303,304,305,306,307,308,309,310,311,312,313,314,315,316,317,318,319,320,321,322,323,324,325,326|ALAMO,SANDY,GRAPES,MTCHIL,GALFISH,SANCHIA,ZANCUDO,LAGO,BHAMCA|giorno|3|1
Japanese Amberjack|Japanese_Amberjack.png|15|25|40|150|154|157|0|0|#3/0 - #7/0|Saltwater Fish|158,167,196,197,199|9,10,15,16,31,32,33,34,35,36,37,38,39,40,48,49,50,51,62,63,64,65,122,123,124,125,126,127,128,129,130,131,132,133,134,135,136,137,138,139,140,141,142,143,144,145,146,147,148,149,150,151,152,153,154,155,156,157,158,159,160,161,162,163,164,165,166,167,168,169,170,171,172,173,174,175,176,177,178,179,180,181,182,183,184,185,186,187,188,189,190,191,192,193,194,195,196,197,198,199,200,201,202,203,204,205,206,207,208,209,210,211,212,213,214,215,216,217,218,219,220,221,222,223,224,225,226,227,228,229,230,231,232,233,234,235,236,237,238,239,240,241,242,243,244,245,246,247,248,249,250,251,252,253,254,255,256,257,258,259,260,261,262,263,264,265,266,267,268,269,270,271,272,273,274,275,276,277,278,279,280,281,282,283,284,285,286,287,288,289,290,291,292,293,294,295,296,297,298,299,300,301,302,303,304,305,306,307,308,309,310,311,312,313,314,315,316,317,318,319,320,321,322,323,324,325,326,354,355,356,357,358,359,360,361,368,369,370,371,372,373,374,375,376,377,378,379,380,381,382,383,384,385,394,395,398,399,400,427,428,430,431,432,433,459,460,461,463,464,469,470,471,474,486,487,488,489,490,493,494,499,504,505,511,512,513|CHU,DELPE,VESP,BEACH,BANHAMC,PBLUFF,SANAND,EBURO,DELSOL|giorno|5|1
Japanese Anchovy|Japanese_Anchovy.png|0.115|0.218|0.334|172|181|193|0|0|#6|Saltwater Fish|46,48,162|417,418,419,420,423,424,425,426,429,438,439,440,441,447,450,451,452,456,457,458,462,472,473,475,476,481,482,497,498|CHU,DELPE,VESP,BEACH,BANHAMC,PBLUFF,SANAND,EBURO,DELSOL|notte|4|1
Japanese Jack Mackerel|Japanese_Jack_Mackerel.png|0.35|0.65|0.65|188|189|}}|0|0|#6 - #1|Marlin and Mackerel family|158,162,196,199|376,377,378,379,380,383,384,385,390,391,392,393,394,395,398,399,400,405,406,407,408,413,414,415,416,417,418,419,420,423,424,425,426,429,438,439,440,441,447,450,451,452,456,457,458,462,472,473,475,476,481,482,486,487,488,489,490,497,498,499,506,507,508|CHU,DELPE,VESP,BEACH,BANHAMC,PBLUFF,SANAND,EBURO,DELSOL|alba_tramonto|4|1
Kamba Catfish|Kamba_Catfish.png|50|90|138|92|107|131|0|0|#6/0 - #10/0|Catfish family|47,51,55,58,60,180,188,189,192,193|368,369,370,371,372,373,374,375,381,382,390,391,392,393,405,406,407,408,413,414,415,416,427,428,430,431,432,433,453,454,459,460,461,463,464,465,466,469,470,471,474,493,494,504,505,506,507,508,511,512,513|ALAMO,SANDY,GRAPES,MTCHIL,GALFISH,SANCHIA|notte|5|1
Lake Chub|Lake_Chub.png|0.11|0.209|0.319|120|126|134|0|0|#8|Shinners and Minnows family|7,22,28||CANNY,CCREAK,MTGORDO,PALFOR|alba_tramonto|4|0
Lake Sturgeon|Lake_Sturgeon.png|20|38|58|103|108|115|0|0|#3/0 - #7/0|Sturgeon family|43,45,158,174,182,183,184||TONGVAV,TONGVAH,LDAM,CHIL,LACT|notte|4|0
Lake Trout|Lake_Trout.png|6|15|22|100|100|100|0|0|#1/0 - #5/0|Trout and Char family|42,48|31,32,33,34,37,38,39,40,48,49,50,51,194,195,196,197,200,208,209,210,214,215,217,228,229,231,232,236,244,245,246,251,252,254,255,256,368,369,370,371,372,373,374,375,376,377,378,379,380,381,382,383,384,385,394,395,398,399,400,427,428,430,431,432,433,459,460,461,463,464,469,470,471,474,486,487,488,489,490,493,494,499,504,505,511,512,513|CANNY,CCREAK,MTGORDO,PALFOR|alba_tramonto|5|1
Lake Whitefish|Lake_Whitefish.png|1.8|3.3|4.5|115|120|125|0|0|#1 - #2/0|Salmon family|23,24,33,44,46|9,10,15,16,35,36,62,63,64,65,327,328,329,330,331,332,333,334,335,336,337,338,339,340,341,342,343,344,345,346,347,348,349,350,351,352,353,354,355,356,357,358,359,360,361,362,363,364,365,366,367,368,369,370,371,372,373,374,375,376,377,378,379,380,381,382,383,384,385,394,395,398,399,400,427,428,430,431,432,433,459,460,461,463,464,469,470,471,474,486,487,488,489,490,493,494,499,504,505,511,512,513|CANNY,CCREAK,MTGORDO,PALFOR|alba_tramonto|5|1
Largemouth Bass|Largemouth_Bass.png|1.9|3.9|10|152|155|156|0|0|#4 - #4/0|Bass family|42,181|1,2,5,6,13,14,17,18,29,30,44,45,46,47,87,88,89,90,91,92,93,94,95,96,97,98,99,100,101,102,103,104,105,106,107,108,109,110,111,112,113,114,115,116,117,118,119,120,121,181,182,183,184,185,186,187,188,189,190,191,192,193,194,195,196,197,198,199,200,201,202,203,204,205,206,207,208,209,210,211,212,213,214,215,216,217,218,219,220,221,222,223,224,225,226,227,228,229,230,231,232,233,234,235,236,237,238,239,240,241,242,243,244,245,246,247,248,249,250,251,252,253,254,255,256,257,258,259,260,261,262,263,264,265,266,267,268,269,270,271,272,273,274,275,276,277,278,279,280,281,282,283,284,285,286,287,288,289,290,291,292,293,294,295,296,297,298,299,300,301,302,303,304,305,306,307,308,309,310,311,312,313,314,315,316,317,318,319,320,321,322,323,324,325,326,344,345,346,347,348,349,423,424,425,426,429,438,439,440,441,447,450,451,452,453,454,456,457,458,462,465,466,475,476|ALAMO,SANDY,GRAPES,MTCHIL,GALFISH,SANCHIA,ZANCUDO,LAGO,BHAMCA|alba_tramonto|1|1
Leather Carp|Leather_Carp.png|5|14|25|85|90|95|0|0|#2 - #5/0|Carp family|6,7,8,9,10,11,12,14||ALAMO,SANDY,GRAPES,MTCHIL,GALFISH,SANCHIA,MIRR,CYPRE,VCANA,ROCKF,VINE,WINDF,RANCHO,ELYSIAN|alba_tramonto|4|0
Lenok|Lenok.png|3|6|10|100|165|165|0|0|#2/0 - #4/0|Trout and Char family|23,36,39,42,46,48,174,181,185,186|9,10,15,16,35,36,52,53,54,55,62,63,64,65,181,182,183,184,185,186,187,188,189,190,191,192,193,194,195,196,197,198,199,200,201,202,203,204,205,206,207,208,209,210,211,212,213,214,215,216,217,218,219,220,221,222,223,224,225,226,227,228,229,230,231,232,233,234,235,236,237,238,239,240,241,242,243,244,245,246,247,248,249,250,251,252,253,254,255,256,257,258,259,260,261,262,263,264,265,266,267,268,269,270,271,272,273,274,275,276,277,278,279,280,281,282,283,284,285,286,287,288,289,290,291,292,293,294,295,296,297,298,299,300,301,302,303,304,305,306,307,308,309,310,311,312,313,314,315,316,317,318,319,320,321,322,323,324,325,326,354,355,356,357,358,359,360,361,368,369,370,371,372,373,374,375,376,377,378,379,380,381,382,383,384,385,394,395,398,399,400,427,428,430,431,432,433,459,460,461,463,464,469,470,471,474,486,487,488,489,490,493,494,499,504,505,511,512,513|CANNY,CCREAK,MTGORDO,PALFOR|giorno|5|1
Longnose Gar|Longnose_Gar.png|4|8|14|50|60|69|0|1|#1/0 - #6/0|Gar family|42,47,51,181,183|194,195,196,197,200,208,209,210,214,215,217,228,229,231,232,236,244,245,246,251,252,254,255,256,368,369,370,371,372,373,374,375,381,382,427,428,430,431,432,433,459,460,461,463,464,469,470,471,474,493,494,504,505,511,512,513|ALAMO,SANDY,GRAPES,MTCHIL,GALFISH,SANCHIA,ZANCUDO,LAGO,BHAMCA|notte|4|1
Longnose Sucker|Longnose_Sucker.png|1.5|2.5|2.5|52|110|}}|0|0|#2 - #1/0|Carp family|7,8,28,30,181||CANNY,CCREAK,MTGORDO,PALFOR|alba_tramonto|4|0
Mahi-Mahi|Mahi-Mahi.png|14|25|41|223|255|248|0|0|#4/0 - #7/0|Saltwater Fish|161,167,196,197,198,199|31,32,33,34,37,38,39,40,48,49,50,51,122,123,124,125,126,127,128,129,130,131,132,133,134,135,136,137,138,139,140,141,142,143,144,145,146,147,148,149,150,151,152,153,154,155,156,157,158,159,160,161,162,163,164,165,166,167,168,169,170,171,172,173,174,175,176,177,178,179,180,181,182,183,184,185,186,187,188,189,190,191,192,193,194,195,196,197,198,199,200,201,202,203,204,205,206,207,208,209,210,211,212,213,214,215,216,217,218,219,220,221,222,223,224,225,226,227,228,229,230,231,232,233,234,235,236,237,238,239,240,241,242,243,244,245,246,247,248,249,250,251,252,253,254,255,256,257,258,259,260,261,262,263,264,265,266,267,268,269,270,271,272,273,274,275,276,277,278,279,280,281,282,283,284,285,286,287,288,289,290,291,292,293,294,295,296,297,298,299,300,301,302,303,304,305,306,307,308,309,310,311,312,313,314,315,316,317,318,319,320,321,322,323,324,325,326,354,355,356,357,358,359,360,361,376,377,378,379,380,383,384,385,394,395,398,399,400,486,487,488,489,490,499|CHU,DELPE,VESP,BEACH,BANHAMC,PBLUFF,SANAND,EBURO,DELSOL,OCEANA|giorno|4|1
Marble Trout|Marble_Trout.png|2|4|6.5|155|160|175|0|0|#1/0 - #3/0|Trout and Char family|33,36,46,48,158,181|9,10,15,16,23,24,25,26,27,28,35,36,41,42,43,62,63,64,65,194,195,196,197,200,208,209,210,214,215,217,228,229,231,232,236,244,245,246,251,252,254,255,256,327,328,329,330,331,332,333,334,335,336,337,338,339,340,341,342,343,344,345,346,347,348,349,350,351,352,353,354,355,356,357,358,359,360,361,362,363,364,365,366,367,368,369,370,371,372,373,374,375,376,377,378,379,380,381,382,383,384,385,394,395,398,399,400,427,428,430,431,432,433,459,460,461,463,464,469,470,471,474,486,487,488,489,490,493,494,499,504,505,511,512,513|TONGVAV,TONGVAH,LDAM,CHIL,LACT|notte|5|1
Meagre|Meagre.png|20|55|105|184|184|184|0|0|#5/0 - #9/0|Saltwater Fish|160,161,172,196,197,202|1,2,3,4,5,6,7,8,9,10,11,12,13,14,15,16,17,18,19,20,21,22,23,24,25,26,27,28,29,30,31,32,33,34,35,36,37,38,39,40,41,42,43,44,45,46,47,48,49,50,51,52,53,54,55,56,57,58,59,60,61,62,63,64,65,66,67,68,69,70,71,72,73,74,75,76,77,78,79,80,81,82,83,84,85,86,122,123,124,125,126,127,128,129,130,131,132,133,134,135,136,137,138,139,140,141,142,143,144,145,146,147,148,149,150,151,152,153,154,155,156,157,158,159,160,161,162,163,164,165,166,167,168,169,170,171,172,173,174,175,176,177,178,179,180,368,369,370,371,372,373,374,375,376,377,378,379,380,381,382,383,384,385,386,387,388,389,390,391,392,393,394,395,396,397,398,399,400,401,402,403,404,405,406,407,408,409,410,411,412,413,414,415,416,417,418,419,420,421,422,423,424,425,426,427,428,429,430,431,432,433,434,435,436,437,438,439,440,441,442,443,444,445,446,447,448,449,450,451,452,453,454,455,456,457,458,459,460,461,462,463,464,465,466,467,468,469,470,471,472,473,474,475,476,477,478,479,480,481,482,483,484,485,486,487,488,489,490,491,492,493,494,495,496,497,498,499,500,501,502,503,504,505,506,507,508,509,510,511,512,513,514,515,516,517,518,519,520,521,522,523,524,525,526,527|PALCOV,PROCOB,PALETO,OCEANA|alba_tramonto|5|1
Mirror Carp|Mirror_Carp.png|5|14|32|100|105|125|0|0|#2 - #5/0|Carp family|6,7,8,9,10,11,12,14||ALAMO,SANDY,GRAPES,MTCHIL,GALFISH,SANCHIA,MIRR,CYPRE,VCANA,ROCKF,VINE,WINDF,RANCHO,ELYSIAN|alba_tramonto|3|0
Monkey Goby|Monkey_Goby.png|0.15|0.285|0.435|100|105|112|0|0|#14|Goby family|22,27,28,158,174|386,387,388,389,390,391,392,393,405,406,407,408,413,414,415,416,423,424,425,426,429,438,439,440,441,447,450,451,452,456,457,458,462,475,476,506,507,508|TONGVAV,TONGVAH,LDAM,CHIL,LACT|notte|4|1
Muskellunge|Muskellunge.png|10|20|27|100|100|110|0|2|#3/0 - #9/0|Pike family|42,47|1,2,5,6,13,14,17,18,29,30,44,45,46,47,181,182,183,184,185,186,187,188,189,190,191,192,193,194,195,196,197,198,199,200,201,202,203,204,205,206,207,208,209,210,211,212,213,214,215,216,217,218,219,220,221,222,223,224,225,226,227,228,229,230,231,232,233,234,235,236,237,238,239,240,241,242,243,244,245,246,247,248,249,250,251,252,253,254,255,256,257,258,259,260,261,262,263,264,265,266,267,268,269,270,271,272,273,274,275,276,277,278,279,280,281,282,283,284,285,286,287,288,289,290,291,292,293,294,295,296,297,298,299,300,301,302,303,304,305,306,307,308,309,310,311,312,313,314,315,316,317,318,319,320,321,322,323,324,325,326,327,328,329,330,331,332,333,334,335,336,337,338,339,340,341,342,343,344,345,346,347,348,349,350,351,352,353,354,355,356,357,358,359,360,361,362,363,364,365,366,367,368,369,370,371,372,373,374,375,381,382,427,428,430,431,432,433,459,460,461,463,464,469,470,471,474,493,494,504,505,511,512,513|TONGVAV,TONGVAH,LDAM,CHIL,LACT|alba_tramonto|5|1
Narrow-Barred Mackerel|Narrow-Barred_Mackerel.png|20|40|70|121|132|136|0|0|#4/0 - #7/0|Marlin and Mackerel family|161,167,196,197,198,199|31,32,33,34,37,38,39,40,48,49,50,51,122,123,124,125,126,127,128,129,130,131,132,133,134,135,136,137,138,139,140,141,142,143,144,145,146,147,148,149,150,151,152,153,154,155,156,157,158,159,160,161,162,163,164,165,166,167,168,169,170,171,172,173,174,175,176,177,178,179,180,181,182,183,184,185,186,187,188,189,190,191,192,193,194,195,196,197,198,199,200,201,202,203,204,205,206,207,208,209,210,211,212,213,214,215,216,217,218,219,220,221,222,223,224,225,226,227,228,229,230,231,232,233,234,235,236,237,238,239,240,241,242,243,244,245,246,247,248,249,250,251,252,253,254,255,256,257,258,259,260,261,262,263,264,265,266,267,268,269,270,271,272,273,274,275,276,277,278,279,280,281,282,283,284,285,286,287,288,289,290,291,292,293,294,295,296,297,298,299,300,301,302,303,304,305,306,307,308,309,310,311,312,313,314,315,316,317,318,319,320,321,322,323,324,325,326,368,369,370,371,372,373,374,375,376,377,378,379,380,381,382,383,384,385,394,395,398,399,400,427,428,430,431,432,433,459,460,461,463,464,469,470,471,474,486,487,488,489,490,493,494,499,504,505,511,512,513|CHU,DELPE,VESP,BEACH,BANHAMC,PBLUFF,SANAND,EBURO,DELSOL,OCEANA|giorno|4|1
Nile Perch|Nile_Perch.png|80|130|205|138|169|179|0|0|#5/0 - #11/0|Perch family|42,45,47,59,193|77,78,79,80,81,82,83,84,85,86,181,182,183,184,185,186,187,188,189,190,191,192,193,194,195,196,197,198,199,200,201,202,203,204,205,206,207,208,209,210,211,212,213,214,215,216,217,218,219,220,221,222,223,224,225,226,227,228,229,230,231,232,233,234,235,236,237,238,239,240,241,242,243,244,245,246,247,248,249,250,251,252,253,254,255,256,257,258,259,260,261,262,263,264,265,266,267,268,269,270,271,272,273,274,275,276,277,278,279,280,281,282,283,284,285,286,287,288,289,290,291,292,293,294,295,296,297,298,299,300,301,302,303,304,305,306,307,308,309,310,311,312,313,314,315,316,317,318,319,320,321,322,323,324,325,326,368,369,370,371,372,373,374,375,381,382,427,428,430,431,432,433,459,460,461,463,464,469,470,471,474,493,494,504,505,511,512,513|ALAMO,SANDY,GRAPES,MTCHIL,GALFISH,SANCHIA|alba_tramonto|5|1
Nile Tilapia|Nile_Tilapia.png|2.2|3.5|5|198|184|174|0|0|#6 - #1/0||1,5,7,9,10,11,12,14,21,22,26,27,28,179|376,377,378,379,380,383,384,385,394,395,398,399,400,417,418,419,420,423,424,425,426,429,438,439,440,441,447,450,451,452,456,457,458,462,467,468,472,473,475,476,477,478,481,482,486,487,488,489,490,491,492,495,496,497,498,499|ALAMO,SANDY,GRAPES,MTCHIL,GALFISH,SANCHIA|giorno|5|1
Northern Pike|Northern_Pike.png|6|12|22|170|170|170|0|1|#1/0 - #8/0|Pike family|42,181|1,2,5,6,13,14,17,18,29,30,44,45,46,47,181,182,183,184,185,186,187,188,189,190,191,192,193,194,195,196,197,198,199,200,201,202,203,204,205,206,207,208,209,210,211,212,213,214,215,216,217,218,219,220,221,222,223,224,225,226,227,228,229,230,231,232,233,234,235,236,237,238,239,240,241,242,243,244,245,246,247,248,249,250,251,252,253,254,255,256,257,258,259,260,261,262,263,264,265,266,267,268,269,270,271,272,273,274,275,276,277,278,279,280,281,282,283,284,285,286,287,288,289,290,291,292,293,294,295,296,297,298,299,300,301,302,303,304,305,306,307,308,309,310,311,312,313,314,315,316,317,318,319,320,321,322,323,324,325,326,344,345,346,347,348,349,368,369,370,371,372,373,374,375,381,382,427,428,430,431,432,433,459,460,461,463,464,469,470,471,474,493,494,504,505,511,512,513|ALAMO,SANDY,GRAPES,MTCHIL,GALFISH,SANCHIA,CANNY,CCREAK,MTGORDO,PALFOR,TONGVAV,TONGVAH,LDAM,CHIL,LACT,MIRR,CYPRE,VCANA,ROCKF,VINE,WINDF,RANCHO,ELYSIAN|alba_tramonto|1|1
Norway Atlantic Salmon|Norway_Atlantic_Salmon.png|10|30|50|197|197|197|0|0|#4/0 - #8/0|Saltwater Fish|160,161,172,196,197,202|1,2,3,4,5,6,7,8,9,10,11,12,13,14,15,16,17,18,19,20,21,22,23,24,25,26,27,28,29,30,31,32,33,34,35,36,37,38,39,40,41,42,43,44,45,46,47,48,49,50,51,52,53,54,55,56,57,58,59,60,61,62,63,64,65,66,67,68,69,70,71,72,73,74,75,76,77,78,79,80,81,82,83,84,85,86,122,123,124,125,126,127,128,129,130,131,132,133,134,135,136,137,138,139,140,141,142,143,144,145,146,147,148,149,150,151,152,153,154,155,156,157,158,159,160,161,162,163,164,165,166,167,168,169,170,171,172,173,174,175,176,177,178,179,180,181,182,183,184,185,186,187,188,189,190,191,192,193,194,195,196,197,198,199,200,201,202,203,204,205,206,207,208,209,210,211,212,213,214,215,216,217,218,219,220,221,222,223,224,225,226,227,228,229,230,231,232,233,234,235,236,237,238,239,240,241,242,243,244,245,246,247,248,249,250,251,252,253,254,255,256,257,258,259,260,261,262,263,264,265,266,267,268,269,270,271,272,273,274,275,276,277,278,279,280,281,282,283,284,285,286,287,288,289,290,291,292,293,294,295,296,297,298,299,300,301,302,303,304,305,306,307,308,309,310,311,312,313,314,315,316,317,318,319,320,321,322,323,324,325,326,354,355,356,357,358,359,360,361|PALCOV,PROCOB,PALETO,OCEANA|alba_tramonto|5|1
Norway Seaperch|Norway_Seaperch.png|5|10|15|380|380|380|0|0|#3/0 - #6/0|Saltwater Fish|158,172,197|122,123,124,125,126,127,128,129,130,131,132,133,134,135,136,137,138,139,140,141,142,143,144,145,146,147,148,149,150,151,152,153,154,155,156,157,158,159,160,161,162,163,164,165,166,167,168,169,170,171,172,173,174,175,176,177,178,179,180,368,369,370,371,372,373,374,375,376,377,378,379,380,381,382,383,384,385,386,387,388,389,390,391,392,393,394,395,396,397,398,399,400,401,402,403,404,405,406,407,408,409,410,411,412,413,414,415,416,417,418,419,420,421,422,423,424,425,426,427,428,429,430,431,432,433,434,435,436,437,438,439,440,441,442,443,444,445,446,447,448,449,450,451,452,453,454,455,456,457,458,459,460,461,462,463,464,465,466,467,468,469,470,471,472,473,474,475,476,477,478,479,480,481,482,483,484,485,486,487,488,489,490,491,492,493,494,495,496,497,498,499,500,501,502,503,504,505,506,507,508,509,510,511,512,513,514,515,516,517,518,519,520,521,522,523,524,525,526,527|PALCOV,PROCOB,PALETO,OCEANA|alba_tramonto|5|1
Oregon Redband Trout|Oregon_Redband_Trout.png|0.65|1.15|1.8|200|230|250|0|0|#4 - #1/0|Trout and Char family|23,24,25,33,36,48|9,10,15,16,23,24,25,26,27,28,35,36,41,42,43,62,63,64,65,327,328,329,330,331,332,333,334,335,336,337,338,339,340,341,342,343,344,345,346,347,348,349,350,351,352,353,354,355,356,357,358,359,360,361,362,363,364,365,366,367,368,369,370,371,372,373,374,375,376,377,378,379,380,381,382,383,384,385,394,395,398,399,400,423,424,425,426,427,428,429,430,431,432,433,438,439,440,441,447,450,451,452,456,457,458,459,460,461,462,463,464,469,470,471,474,475,476,486,487,488,489,490,493,494,499,504,505,511,512,513|CANNY,CCREAK,MTGORDO,PALFOR|alba_tramonto|5|1
Orinoco Peacock Bass|Orinoco_Peacock_Bass.png|1.7|3|5|150|200|220|0|0|#4/0 - #6/0|Bass family|42,47,56,181|1,2,5,6,13,14,17,18,29,30,44,45,46,47,181,182,183,184,185,186,187,188,189,190,191,192,193,194,195,196,197,198,199,200,201,202,203,204,205,206,207,208,209,210,211,212,213,214,215,216,217,218,219,220,221,222,223,224,225,226,227,228,229,230,231,232,233,234,235,236,237,238,239,240,241,242,243,244,245,246,247,248,249,250,251,252,253,254,255,256,257,258,259,260,261,262,263,264,265,266,267,268,269,270,271,272,273,274,275,276,277,278,279,280,281,282,283,284,285,286,287,288,289,290,291,292,293,294,295,296,297,298,299,300,301,302,303,304,305,306,307,308,309,310,311,312,313,314,315,316,317,318,319,320,321,322,323,324,325,326,362,363,364,365,366,367,368,369,370,371,372,373,374,375,381,382,427,428,430,431,432,433,459,460,461,463,464,469,470,471,474,493,494,504,505,511,512,513|ZANCUDO,LAGO,BHAMCA|giorno|5|1
Oscar|Oscar.png|0.5|1|1.6|70|130|165|0|0|#6 - #1||7,8,22,28||ALAMO,SANDY,GRAPES,MTCHIL,GALFISH,SANCHIA,ZANCUDO,LAGO,BHAMCA|sempre|2|0
Pacific Bluefin Tuna|Pacific_Bluefin_Tuna.png|150|270|270|174|177|}}|0|0|#5/0 - #9/0|Tuna family|167,196,197,198,199|31,32,33,34,37,38,39,40,48,49,50,51,122,123,124,125,126,127,128,129,130,131,132,133,134,135,136,137,138,139,140,141,142,143,144,145,146,147,148,149,150,151,152,153,154,155,156,157,158,159,160,161,162,163,164,165,166,167,168,169,170,171,172,173,174,175,176,177,178,179,180,181,182,183,184,185,186,187,188,189,190,191,192,193,194,195,196,197,198,199,200,201,202,203,204,205,206,207,208,209,210,211,212,213,214,215,216,217,218,219,220,221,222,223,224,225,226,227,228,229,230,231,232,233,234,235,236,237,238,239,240,241,242,243,244,245,246,247,248,249,250,251,252,253,254,255,256,257,258,259,260,261,262,263,264,265,266,267,268,269,270,271,272,273,274,275,276,277,278,279,280,281,282,283,284,285,286,287,288,289,290,291,292,293,294,295,296,297,298,299,300,301,302,303,304,305,306,307,308,309,310,311,312,313,314,315,316,317,318,319,320,321,322,323,324,325,326|CHU,DELPE,VESP,BEACH,BANHAMC,PBLUFF,SANAND,EBURO,DELSOL|giorno|4|1
Payara|Payara.png|5|10|18|363|369|382|0|1|#4/0 - #7/0||42,56,181|181,183,184,185,187,194,195,196,197,200,208,209,210,211,212,213,214,215,217,228,229,231,232,235,236,244,245,246,251,252,253,254,255,256,265,266,282,283,294,301,302,311,312,313,317,318,319,320,368,369,370,371,372,373,374,375,376,377,378,379,380,381,382,383,384,385,394,395,398,399,400,423,424,425,426,427,428,429,430,431,432,433,438,439,440,441,447,450,451,452,456,457,458,459,460,461,462,463,464,469,470,471,474,475,476,486,487,488,489,490,493,494,499,504,505,511,512,513|ALAMO,SANDY,GRAPES,MTCHIL,GALFISH,SANCHIA,ZANCUDO,LAGO,BHAMCA|notte|4|1
Permit|Permit.png|10|20|35|75|76|77|0|0|#2/0 - #7/0||158,159,160,161,182,194,195,196,197|1,2,5,6,13,14,17,18,29,30,44,45,46,47,368,369,370,371,372,373,374,375,376,377,378,379,380,381,382,383,384,385,390,391,392,393,394,395,398,399,400,405,406,407,408,413,414,415,416,417,418,419,420,427,428,430,431,432,433,459,460,461,463,464,469,470,471,472,473,474,481,482,486,487,488,489,490,493,494,497,498,499,504,505,506,507,508,511,512,513|BOLSA,LOSPUER,TERMINA,ZQ_UAR|giorno|5|1
Pink Salmon|Pink_Salmon.png|2.5|4.2|6.3|150|150|150|0|0|#1/0 - #3/0|Salmon family|36,42,48,181|52,53,54,55,194,195,196,197,200,208,209,210,214,215,217,228,229,231,232,236,244,245,246,251,252,254,255,256,354,355,356,357,358,359,360,361,368,369,370,371,372,373,374,375,381,382,427,428,430,431,432,433,459,460,461,463,464,469,470,471,474,493,494,504,505,511,512,513|CANNY,CCREAK,MTGORDO,PALFOR|giorno|5|1
Piraiba|Piraiba.png|60|100|150|40|42|44|0|0|#6/0 - #10/0|Catfish family|42,47,56,189|368,369,370,371,372,373,374,375,381,382,390,391,392,393,405,406,407,408,413,414,415,416,427,428,430,431,432,433,453,454,459,460,461,463,464,465,466,469,470,471,474,493,494,504,505,506,507,508,511,512,513|ZANCUDO,LAGO,BHAMCA|notte|5|1
Porbeagle Shark|Porbeagle_Shark.png|120|180|210|164|164|164|0|2|#9/0 - #14/0|Saltwater Fish|164,166,201,157|122,123,124,125,126,127,128,129,130,131,132,133,134,135,136,137,138,139,140,141,142,143,144,145,146,147,148,149,150,151,152,153,154,155,156,157,158,159,160,161,162,163,164,165,166,167,168,169,170,171,172,173,174,175,176,177,178,179,180|PALCOV,PROCOB,PALETO,OCEANA|giorno|5|1
Prussian Carp|Prussian_Carp.png|0.6|1.2|2.5|100|122|125|0|0|#8 - #4|Carp family|5,6,7,14,22,28||ALAMO,SANDY,GRAPES,MTCHIL,GALFISH,SANCHIA,TONGVAV,TONGVAH,LDAM,CHIL,LACT,MIRR,CYPRE,VCANA,ROCKF,VINE,WINDF,RANCHO,ELYSIAN|alba_tramonto|2|0
Pumpkinseed|Pumpkinseed.png|0.2|0.45|0.45|70|100|}}|0|0|#10 - #6|Panfish family|5,7,22,27|23,24,25,26,27,28,41,42,43,327,328,329,330,331,332,335,336,337,376,377,378,379,380,383,384,385,386,387,388,389,394,395,398,399,400,486,487,488,489,490,499|ALAMO,SANDY,GRAPES,MTCHIL,GALFISH,SANCHIA,ZANCUDO,LAGO,BHAMCA,CANNY,CCREAK,MTGORDO,PALFOR,TONGVAV,TONGVAH,LDAM,CHIL,LACT|giorno|1|1
Purple Labeo|Purple_Labeo.png|2.1|3.3|4.3|190|190|199|0|0|#6 - #1/0||5,7,9,10,12,14,22,26,27,28,29,30,179|376,377,378,379,380,383,384,385,394,395,398,399,400,417,418,419,420,423,424,425,426,429,438,439,440,441,447,450,451,452,456,457,458,462,467,468,472,473,475,476,477,478,481,482,486,487,488,489,490,491,492,495,496,497,498,499|ALAMO,SANDY,GRAPES,MTCHIL,GALFISH,SANCHIA|sempre|5|1
Rainbow Trout|Rainbow_Trout.png|1.5|2.3|3.5|170|170|170|0|0|#2 - #3/0|Trout and Char family|23,24,33,44,46|9,10,15,16,35,36,62,63,64,65,327,328,329,330,331,332,333,334,335,336,337,338,339,340,341,342,343,344,345,346,347,348,349,350,351,352,353,354,355,356,357,358,359,360,361,362,363,364,365,366,367,368,369,370,371,372,373,374,375,376,377,378,379,380,381,382,383,384,385,394,395,398,399,400,427,428,430,431,432,433,459,460,461,463,464,469,470,471,474,486,487,488,489,490,493,494,499,504,505,511,512,513|CANNY,CCREAK,MTGORDO,PALFOR|alba_tramonto|4|1
Red Drum|Red_Drum.png|10|22|40|67|68|70|0|0|#2/0 - #8/0|Drum family|42,45,47,51,158,160,183,195,196,197|1,2,5,6,13,14,17,18,29,30,31,32,33,34,37,38,39,40,44,45,46,47,48,49,50,51,368,369,370,371,372,373,374,375,376,377,378,379,380,381,382,383,384,385,394,395,398,399,400,423,424,425,426,427,428,429,430,431,432,433,438,439,440,441,447,450,451,452,453,454,456,457,458,459,460,461,462,463,464,465,466,469,470,471,474,475,476,486,487,488,489,490,493,494,499,504,505,511,512,513|ZANCUDO,LAGO,BHAMCA|sempre|4|1
Red Peacock Bass|Red_Peacock_Bass.png|2.5|4|7|276|344|387|0|0|#3/0 - #7/0|Bass family|42,47,56,181|1,2,5,6,13,14,17,18,29,30,44,45,46,47,181,182,183,184,185,186,187,188,189,190,191,192,193,194,195,196,197,198,199,200,201,202,203,204,205,206,207,208,209,210,211,212,213,214,215,216,217,218,219,220,221,222,223,224,225,226,227,228,229,230,231,232,233,234,235,236,237,238,239,240,241,242,243,244,245,246,247,248,249,250,251,252,253,254,255,256,257,258,259,260,261,262,263,264,265,266,267,268,269,270,271,272,273,274,275,276,277,278,279,280,281,282,283,284,285,286,287,288,289,290,291,292,293,294,295,296,297,298,299,300,301,302,303,304,305,306,307,308,309,310,311,312,313,314,315,316,317,318,319,320,321,322,323,324,325,326,362,363,364,365,366,367,368,369,370,371,372,373,374,375,381,382,427,428,430,431,432,433,459,460,461,463,464,469,470,471,474,493,494,504,505,511,512,513|ZANCUDO,LAGO,BHAMCA|giorno|5|1
Red Tail Barracuda|Red_Tail_Barracuda.png|0.3|0.57|0.87|304|319|340|0|1|#1/0||37,40,57|327,328,329,330,331,332,333,334,335,336,337,338,339,340,341,342,343,344,345,346,347,348,349,350,351,352,353,354,355,356,357,358,359,360,361,362,363,364,365,366,367,368,369,370,371,372,373,374,375,376,377,378,379,380,381,382,383,384,385,390,391,392,393,394,395,398,399,400,405,406,407,408,413,414,415,416,427,428,430,431,432,433,459,460,461,463,464,469,470,471,474,486,487,488,489,490,493,494,499,504,505,506,507,508,511,512,513|ALAMO,SANDY,GRAPES,MTCHIL,GALFISH,SANCHIA,ZANCUDO,LAGO,BHAMCA|giorno|3|1
Red-Bellied Piranha|Red-Bellied_Piranha.png|0.7|1.5|2.7|125|130|145|0|1|#1/0 - #3/0|Piranhas family|49,54,56,188|9,10,15,16,31,32,33,34,35,36,37,38,39,40,48,49,50,51,62,63,64,65,194,195,196,197,200,208,209,210,214,215,217,228,229,231,232,236,244,245,246,251,252,254,255,256,327,328,329,330,331,332,333,334,335,336,337,338,339,340,341,342,343,344,345,346,347,348,349,350,351,352,353,354,355,356,357,358,359,360,361,362,363,364,365,366,367|ALAMO,SANDY,GRAPES,MTCHIL,GALFISH,SANCHIA,ZANCUDO,LAGO,BHAMCA|alba_tramonto|3|1
Redbreast Sunfish|Redbreast_Sunfish.png|0.25|0.475|0.725|170|178|190|0|0|#10|Panfish family|22,23,25,28||CANNY,CCREAK,MTGORDO,PALFOR|giorno|4|0
Redear Sunfish|Redear_Sunfish.png|0.4|1.3|2.3|120|130|140|0|0|#8 - #1/0|Panfish family|25,27,28,30,49||ALAMO,SANDY,GRAPES,MTCHIL,GALFISH,SANCHIA,ZANCUDO,LAGO,BHAMCA|giorno|1|0
Redeye Piranha|Redeye_Piranha.png|1.2|2.2|4.4|130|125|155|0|1|#2/0 - #3/0|Piranhas family|17,49,54,188|9,10,15,16,31,32,33,34,35,36,37,38,39,40,48,49,50,51,62,63,64,65,194,195,196,197,200,208,209,210,214,215,217,228,229,231,232,236,244,245,246,251,252,254,255,256,327,328,329,330,331,332,333,334,335,336,337,338,339,340,341,342,343,344,345,346,347,348,349,350,351,352,353,354,355,356,357,358,359,360,361,362,363,364,365,366,367|ALAMO,SANDY,GRAPES,MTCHIL,GALFISH,SANCHIA,ZANCUDO,LAGO,BHAMCA|alba_tramonto|3|1
Redfin Pickerel|Redfin_Pickerel.png|0.5|0.85|0.85|150|170|}}|0|0|#1 - #2/0|Pike family|181|1,2,5,6,13,14,17,18,29,30,44,45,46,47,181,183,184,185,187,201,202,203,204,205,211,212,213,221,222,223,224,225,235,253,294,313,368,369,370,371,372,373,374,375,381,382,427,428,430,431,432,433,459,460,461,463,464,469,470,471,474,493,494,504,505,511,512,513|ALAMO,SANDY,GRAPES,MTCHIL,GALFISH,SANCHIA,TONGVAV,TONGVAH,LDAM,CHIL,LACT|alba_tramonto|3|1
Rednose Labeo|Rednose_Labeo.png|1.7|2.7|3.6|189|159|218|0|0|#6 - #1/0||5,7,9,10,12,14,22,26,27,28,29,30,179|376,377,378,379,380,383,384,385,394,395,398,399,400,417,418,419,420,423,424,425,426,429,438,439,440,441,447,450,451,452,456,457,458,462,467,468,472,473,475,476,477,478,481,482,486,487,488,489,490,491,492,495,496,497,498,499|ALAMO,SANDY,GRAPES,MTCHIL,GALFISH,SANCHIA|sempre|5|1
Redtail Catfish|Redtail_Catfish.png|25|50|80|85|99|130|0|0|#4/0 - #8/0|Catfish family|47,51,55,56,57,58,59,188,189|368,369,370,371,372,373,374,375,381,382,390,391,392,393,405,406,407,408,413,414,415,416,427,428,430,431,432,433,453,454,459,460,461,463,464,465,466,469,470,471,474,493,494,504,505,506,507,508,511,512,513|ZANCUDO,LAGO,BHAMCA|notte|5|1
Ripsaw Catfish|Ripsaw_Catfish.png|4.5|8.5|13|110|120|135|0|0|#1/0 - #5/0|Catfish family|19,35,45,57,182,189||ALAMO,SANDY,GRAPES,MTCHIL,GALFISH,SANCHIA,ZANCUDO,LAGO,BHAMCA|notte|3|0
Rock Bass|Rock_Bass.png|0.5|0.95|1.45|120|126|134|0|0|#6|Bass family|35,174||CANNY,CCREAK,MTGORDO,PALFOR,TONGVAV,TONGVAH,LDAM,CHIL,LACT|giorno|3|0
Round Goby|Round_Goby.png|0.15|0.3|0.3|90|100|}}|0|0|#14 - #8|Goby family|22,27,28,158,174|386,387,388,389,390,391,392,393,405,406,407,408,413,414,415,416,423,424,425,426,429,438,439,440,441,447,450,451,452,456,457,458,462,475,476,506,507,508|ALAMO,SANDY,GRAPES,MTCHIL,GALFISH,SANCHIA,TONGVAV,TONGVAH,LDAM,CHIL,LACT,MIRR,CYPRE,VCANA,ROCKF,VINE,WINDF,RANCHO,ELYSIAN|notte|3|1
Ruby Snapper|Ruby_Snapper.png|15|25|35|365|372|376|0|0|#6/0 - #10/0|Saltwater Fish|160,163,164,167,197,198|122,123,124,125,126,127,128,129,130,131,132,133,134,135,136,137,138,139,140,141,142,143,144,145,146,147,148,149,150,151,152,153,154,155,156,157,158,159,160,161,162,163,164,165,166,167,168,169,170,171,172,173,174,175,176,177,178,179,180|CHU,DELPE,VESP,BEACH,BANHAMC,PBLUFF,SANAND,EBURO,DELSOL,OCEANA|alba_tramonto|4|1
Sailfish|Sailfish.png|35|65|100|277|291|296|0|0|#5/0 - #8/0|Marlin and Mackerel family|167,171,196,197,199,202|122,123,124,125,126,127,128,129,130,131,132,133,134,135,136,137,138,139,140,141,142,143,144,145,146,147,148,149,150,151,152,153,154,155,156,157,158,159,160,161,162,163,164,165,166,167,168,169,170,171,172,173,174,175,176,177,178,179,180,181,182,183,184,185,186,187,188,189,190,191,192,193,194,195,196,197,198,199,200,201,202,203,204,205,206,207,208,209,210,211,212,213,214,215,216,217,218,219,220,221,222,223,224,225,226,227,228,229,230,231,232,233,234,235,236,237,238,239,240,241,242,243,244,245,246,247,248,249,250,251,252,253,254,255,256,257,258,259,260,261,262,263,264,265,266,267,268,269,270,271,272,273,274,275,276,277,278,279,280,281,282,283,284,285,286,287,288,289,290,291,292,293,294,295,296,297,298,299,300,301,302,303,304,305,306,307,308,309,310,311,312,313,314,315,316,317,318,319,320,321,322,323,324,325,326|SANAND,EBURO,DELSOL,OCEANA|giorno|5|1
Sauger|Sauger.png|1|1.8|3|180|180|185|0|0|#1/0 - #5/0|Perch family|35,181|9,10,15,16,35,36,62,63,64,65,376,377,378,379,380,383,384,385,394,395,398,399,400,423,424,425,426,429,438,439,440,441,447,450,451,452,456,457,458,462,475,476,486,487,488,489,490,499|TONGVAV,TONGVAH,LDAM,CHIL,LACT|alba_tramonto|5|1
Sea Trout|Sea_Trout.png|5|11|20|208|208|208|0|0|#3/0 - #6/0|Saltwater Fish|160,161,172,196,197,202|1,2,3,4,5,6,7,8,9,10,11,12,13,14,15,16,17,18,19,20,21,22,23,24,25,26,27,28,29,30,31,32,33,34,35,36,37,38,39,40,41,42,43,44,45,46,47,48,49,50,51,52,53,54,55,56,57,58,59,60,61,62,63,64,65,66,67,68,69,70,71,72,73,74,75,76,77,78,79,80,81,82,83,84,85,86,122,123,124,125,126,127,128,129,130,131,132,133,134,135,136,137,138,139,140,141,142,143,144,145,146,147,148,149,150,151,152,153,154,155,156,157,158,159,160,161,162,163,164,165,166,167,168,169,170,171,172,173,174,175,176,177,178,179,180,181,182,183,184,185,186,187,188,189,190,191,192,193,194,195,196,197,198,199,200,201,202,203,204,205,206,207,208,209,210,211,212,213,214,215,216,217,218,219,220,221,222,223,224,225,226,227,228,229,230,231,232,233,234,235,236,237,238,239,240,241,242,243,244,245,246,247,248,249,250,251,252,253,254,255,256,257,258,259,260,261,262,263,264,265,266,267,268,269,270,271,272,273,274,275,276,277,278,279,280,281,282,283,284,285,286,287,288,289,290,291,292,293,294,295,296,297,298,299,300,301,302,303,304,305,306,307,308,309,310,311,312,313,314,315,316,317,318,319,320,321,322,323,324,325,326,354,355,356,357,358,359,360,361|PALCOV,PROCOB,PALETO,OCEANA|notte|5|1
Shoal Bass|Shoal_Bass.png|1.5|2.5|4|215|220|240|0|0|#3/0 - #4/0|Bass family|42,181|1,2,5,6,13,14,17,18,29,30,44,45,46,47,87,88,89,90,91,92,93,94,95,96,97,98,99,100,101,102,103,104,105,106,107,108,109,110,111,112,113,114,115,116,117,118,119,120,121,181,182,183,184,185,186,187,188,189,190,191,192,193,194,195,196,197,198,199,200,201,202,203,204,205,206,207,208,209,210,211,212,213,214,215,216,217,218,219,220,221,222,223,224,225,226,227,228,229,230,231,232,233,234,235,236,237,238,239,240,241,242,243,244,245,246,247,248,249,250,251,252,253,254,255,256,257,258,259,260,261,262,263,264,265,266,267,268,269,270,271,272,273,274,275,276,277,278,279,280,281,282,283,284,285,286,287,288,289,290,291,292,293,294,295,296,297,298,299,300,301,302,303,304,305,306,307,308,309,310,311,312,313,314,315,316,317,318,319,320,321,322,323,324,325,326,344,345,346,347,348,349,423,424,425,426,429,438,439,440,441,447,450,451,452,453,454,456,457,458,462,465,466,475,476|BOLSA,LOSPUER,TERMINA,ZQ_UAR|alba_tramonto|5|1
Siberian Taimen|Siberian_Taimen.png|25|40|60|100|100|100|0|0|#4/0 - #7/0|Salmon family|42,47,185|31,32,33,34,37,38,39,40,48,49,50,51,52,53,54,55,181,182,183,184,185,186,187,188,189,190,191,192,193,194,195,196,197,198,199,200,201,202,203,204,205,206,207,208,209,210,211,212,213,214,215,216,217,218,219,220,221,222,223,224,225,226,227,228,229,230,231,232,233,234,235,236,237,238,239,240,241,242,243,244,245,246,247,248,249,250,251,252,253,254,255,256,257,258,259,260,261,262,263,264,265,266,267,268,269,270,271,272,273,274,275,276,277,278,279,280,281,282,283,284,285,286,287,288,289,290,291,292,293,294,295,296,297,298,299,300,301,302,303,304,305,306,307,308,309,310,311,312,313,314,315,316,317,318,319,320,321,322,323,324,325,326,354,355,356,357,358,359,360,361,368,369,370,371,372,373,374,375,381,382,427,428,430,431,432,433,459,460,461,463,464,469,470,471,474,493,494,504,505,511,512,513|CANNY,CCREAK,MTGORDO,PALFOR|alba_tramonto|5|1
Sickle Pomfret|Sickle_Pomfret.png|5|9|13|223|256|268|0|0|#4/0 - #7/0|Saltwater Fish|163,168,172,196,198,199,200|122,123,124,125,126,127,128,129,130,131,132,133,134,135,136,137,138,139,140,141,142,143,144,145,146,147,148,149,150,151,152,153,154,155,156,157,158,159,160,161,162,163,164,165,166,167,168,169,170,171,172,173,174,175,176,177,178,179,180,368,369,370,371,372,373,374,375,376,377,378,379,380,381,382,383,384,385,390,391,392,393,394,395,398,399,400,405,406,407,408,413,414,415,416,417,418,419,420,423,424,425,426,427,428,429,430,431,432,433,438,439,440,441,447,450,451,452,456,457,458,459,460,461,462,463,464,469,470,471,472,473,474,475,476,481,482,486,487,488,489,490,493,494,497,498,499,504,505,506,507,508,511,512,513|SANAND,EBURO,DELSOL,OCEANA|notte|5|1
Silver Arowana|Silver_Arowana.png|2.5|4|6|357|363|375|0|0|#3/0 - #5/0||40,56,57|181,182,183,184,185,186,187,188,189,190,191,192,193,194,195,196,197,198,199,200,201,202,203,204,205,206,207,208,209,210,211,212,213,214,215,216,217,218,219,220,221,222,223,224,225,226,227,228,229,230,231,232,233,234,235,236,237,238,239,240,241,242,243,244,245,246,247,248,249,250,251,252,253,254,255,256,257,258,259,260,261,262,263,264,265,266,267,268,269,270,271,272,273,274,275,276,277,278,279,280,281,282,283,284,285,286,287,288,289,290,291,292,293,294,295,296,297,298,299,300,301,302,303,304,305,306,307,308,309,310,311,312,313,314,315,316,317,318,319,320,321,322,323,324,325,326|ALAMO,SANDY,GRAPES,MTCHIL,GALFISH,SANCHIA,ZANCUDO,LAGO,BHAMCA|sempre|4|1
Silver Bream|Silver_Bream.png|0.35|0.8|1.5|85|89|95|0|0|#10 - #8|Bream and Roach family|7,22,27,28,30,174||TONGVAV,TONGVAH,LDAM,CHIL,LACT,MIRR,CYPRE,VCANA,ROCKF,VINE,WINDF,RANCHO,ELYSIAN|notte|4|0
Silver Carp|Silver_Carp.png|7|18|35|85|90|95|0|0|#2/0 - #6/0|Carp family|1,9,10,13,52||ALAMO,SANDY,GRAPES,MTCHIL,GALFISH,SANCHIA,TONGVAV,TONGVAH,LDAM,CHIL,LACT|giorno|4|0
Silver Croaker|Silver_Croaker.png|1.6|2.7|4.5|90|90|100|0|0|#3/0 - #4/0|Drum family|40,57,159,194|1,2,5,6,13,14,17,18,29,30,31,32,33,34,37,38,39,40,44,45,46,47,48,49,50,51,368,369,370,371,372,373,374,375,376,377,378,379,380,381,382,383,384,385,394,395,398,399,400,423,424,425,426,427,428,429,430,431,432,433,438,439,440,441,447,450,451,452,453,454,456,457,458,459,460,461,462,463,464,465,466,469,470,471,474,475,476,486,487,488,489,490,493,494,499,504,505,511,512,513|ALAMO,SANDY,GRAPES,MTCHIL,GALFISH,SANCHIA,ZANCUDO,LAGO,BHAMCA|sempre|3|1
Skipjack Tuna|Skipjack_Tuna.png|15|26|36|130|130|162|0|0|#3/0 - #6/0|Tuna family|167,196,197,198,199|31,32,33,34,37,38,39,40,48,49,50,51,122,123,124,125,126,127,128,129,130,131,132,133,134,135,136,137,138,139,140,141,142,143,144,145,146,147,148,149,150,151,152,153,154,155,156,157,158,159,160,161,162,163,164,165,166,167,168,169,170,171,172,173,174,175,176,177,178,179,180,181,182,183,184,185,186,187,188,189,190,191,192,193,194,195,196,197,198,199,200,201,202,203,204,205,206,207,208,209,210,211,212,213,214,215,216,217,218,219,220,221,222,223,224,225,226,227,228,229,230,231,232,233,234,235,236,237,238,239,240,241,242,243,244,245,246,247,248,249,250,251,252,253,254,255,256,257,258,259,260,261,262,263,264,265,266,267,268,269,270,271,272,273,274,275,276,277,278,279,280,281,282,283,284,285,286,287,288,289,290,291,292,293,294,295,296,297,298,299,300,301,302,303,304,305,306,307,308,309,310,311,312,313,314,315,316,317,318,319,320,321,322,323,324,325,326|CHU,DELPE,VESP,BEACH,BANHAMC,PBLUFF,SANAND,EBURO,DELSOL,OCEANA|giorno|4|1
Sleek Unicornfish|Sleek_Unicornfish.png|2.2|3|4|183|191|197|0|0|#1 - #6|Saltwater Fish|158||SANAND,EBURO,DELSOL,OCEANA|giorno|5|0
Smallmouth Bass|Smallmouth_Bass.png|1.6|2.5|5|160|176|177|0|0|#4 - #4/0|Bass family|42,181|1,2,5,6,13,14,17,18,29,30,44,45,46,47,87,88,89,90,91,92,93,94,95,96,97,98,99,100,101,102,103,104,105,106,107,108,109,110,111,112,113,114,115,116,117,118,119,120,121,181,182,183,184,185,186,187,188,189,190,191,192,193,194,195,196,197,198,199,200,201,202,203,204,205,206,207,208,209,210,211,212,213,214,215,216,217,218,219,220,221,222,223,224,225,226,227,228,229,230,231,232,233,234,235,236,237,238,239,240,241,242,243,244,245,246,247,248,249,250,251,252,253,254,255,256,257,258,259,260,261,262,263,264,265,266,267,268,269,270,271,272,273,274,275,276,277,278,279,280,281,282,283,284,285,286,287,288,289,290,291,292,293,294,295,296,297,298,299,300,301,302,303,304,305,306,307,308,309,310,311,312,313,314,315,316,317,318,319,320,321,322,323,324,325,326,344,345,346,347,348,349,423,424,425,426,429,438,439,440,441,447,450,451,452,453,454,456,457,458,462,465,466,475,476|ALAMO,SANDY,GRAPES,MTCHIL,GALFISH,SANCHIA,ZANCUDO,LAGO,BHAMCA,CANNY,CCREAK,MTGORDO,PALFOR,TONGVAV,TONGVAH,LDAM,CHIL,LACT|alba_tramonto|2|1
Smallmouth Buffalo|Smallmouth_Buffalo.png|2.7|6.5|10|50|100|101|0|0|#6 - #1/0|Carp family|7,9,28,33||ALAMO,SANDY,GRAPES,MTCHIL,GALFISH,SANCHIA,ZANCUDO,LAGO,BHAMCA|alba_tramonto|4|0
Sockeye Salmon|Sockeye_Salmon.png|4.5|6|8|100|100|100|0|0|#2/0 - #5/0|Salmon family|36,42,48,181|52,53,54,55,194,195,196,197,200,208,209,210,214,215,217,228,229,231,232,236,244,245,246,251,252,254,255,256,354,355,356,357,358,359,360,361,368,369,370,371,372,373,374,375,381,382,427,428,430,431,432,433,459,460,461,463,464,469,470,471,474,493,494,504,505,511,512,513|CANNY,CCREAK,MTGORDO,PALFOR|giorno|5|1
Sorubim Catfish|Sorubim_Catfish.png|6|10|17|145|150|160|0|0|#4/0 - #5/0|Catfish family|47,51,56,183,189|368,369,370,371,372,373,374,375,381,382,390,391,392,393,405,406,407,408,413,414,415,416,427,428,430,431,432,433,453,454,459,460,461,463,464,465,466,469,470,471,474,493,494,504,505,506,507,508,511,512,513|ALAMO,SANDY,GRAPES,MTCHIL,GALFISH,SANCHIA,ZANCUDO,LAGO,BHAMCA|notte|3|1
Southern Flounder|Southern_Flounder.png|2.5|5|8.5|143|144|146|0|0|#1/0 - #5/0||43,158,159,161,183,196,197|368,369,370,371,372,373,374,375,376,377,378,379,380,381,382,383,384,385,390,391,392,393,394,395,398,399,400,405,406,407,408,413,414,415,416,417,418,419,420,423,424,425,426,427,428,429,430,431,432,433,438,439,440,441,447,450,451,452,456,457,458,459,460,461,462,463,464,469,470,471,472,473,474,475,476,481,482,486,487,488,489,490,493,494,497,498,499,504,505,506,507,508,511,512,513|BOLSA,LOSPUER,TERMINA,ZQ_UAR|notte|5|1
Speckled Peacock Bass|Speckled_Peacock_Bass.png|3.5|6.5|10|180|200|220|0|0|#5/0 - #10/0|Bass family|42,47,181|1,2,5,6,13,14,17,18,29,30,44,45,46,47,181,182,183,184,185,186,187,188,189,190,191,192,193,194,195,196,197,198,199,200,201,202,203,204,205,206,207,208,209,210,211,212,213,214,215,216,217,218,219,220,221,222,223,224,225,226,227,228,229,230,231,232,233,234,235,236,237,238,239,240,241,242,243,244,245,246,247,248,249,250,251,252,253,254,255,256,257,258,259,260,261,262,263,264,265,266,267,268,269,270,271,272,273,274,275,276,277,278,279,280,281,282,283,284,285,286,287,288,289,290,291,292,293,294,295,296,297,298,299,300,301,302,303,304,305,306,307,308,309,310,311,312,313,314,315,316,317,318,319,320,321,322,323,324,325,326,362,363,364,365,366,367,368,369,370,371,372,373,374,375,381,382,427,428,430,431,432,433,459,460,461,463,464,469,470,471,474,493,494,504,505,511,512,513|ZANCUDO,LAGO,BHAMCA|giorno|4|1
Spiny Dogfish|Spiny_Dogfish.png|4.5|7|10|168|168|168|0|0|#2/0 - #4/0|Saltwater Fish|160,161,163,164,167,172,197|122,123,124,125,126,127,128,129,130,131,132,133,134,135,136,137,138,139,140,141,142,143,144,145,146,147,148,149,150,151,152,153,154,155,156,157,158,159,160,161,162,163,164,165,166,167,168,169,170,171,172,173,174,175,176,177,178,179,180,368,369,370,371,372,373,374,375,376,377,378,379,380,381,382,383,384,385,386,387,388,389,390,391,392,393,394,395,396,397,398,399,400,401,402,403,404,405,406,407,408,409,410,411,412,413,414,415,416,417,418,419,420,421,422,423,424,425,426,427,428,429,430,431,432,433,434,435,436,437,438,439,440,441,442,443,444,445,446,447,448,449,450,451,452,453,454,455,456,457,458,459,460,461,462,463,464,465,466,467,468,469,470,471,472,473,474,475,476,477,478,479,480,481,482,483,484,485,486,487,488,489,490,491,492,493,494,495,496,497,498,499,500,501,502,503,504,505,506,507,508,509,510,511,512,513,514,515,516,517,518,519,520,521,522,523,524,525,526,527|PALCOV,PROCOB,PALETO,OCEANA|notte|5|1
Splake|Splake.png|3.2|5.2|8.2|155|165|180|0|0|#1/0 - #3/0|Trout and Char family|36,44,46,48,158,181|9,10,15,16,35,36,62,63,64,65,194,195,196,197,200,208,209,210,214,215,217,228,229,231,232,236,244,245,246,251,252,254,255,256,327,328,329,330,331,332,333,334,335,336,337,338,339,340,341,342,343,344,345,346,347,348,349,350,351,352,353,354,355,356,357,358,359,360,361,362,363,364,365,366,367,368,369,370,371,372,373,374,375,376,377,378,379,380,381,382,383,384,385,394,395,398,399,400,427,428,430,431,432,433,459,460,461,463,464,469,470,471,474,486,487,488,489,490,493,494,499,504,505,511,512,513|CANNY,CCREAK,MTGORDO,PALFOR|alba_tramonto|5|1
Spotfin Flyingfish|Spotfin_Flyingfish.png|0.25|0.5|0.5|188|189|}}|0|0|#2 - #6|Saltwater Fish|48,158,196,199|280,281,289,290,297,298,303,304|SANAND,EBURO,DELSOL,OCEANA|alba_tramonto|4|1
Spotted Aracu|Spotted_Aracu.png|0.35|0.7|1.2|108|169|150|0|0|#8 - #2||22,23,25,28||ALAMO,SANDY,GRAPES,MTCHIL,GALFISH,SANCHIA,ZANCUDO,LAGO,BHAMCA|sempre|3|0
Spotted Bass|Spotted_Bass.png|1|2|4.75|170|175|180|0|0|#1 - #4/0|Bass family|42,46,181|1,2,5,6,13,14,17,18,29,30,44,45,46,47,87,88,89,90,91,92,93,94,95,96,97,98,99,100,101,102,103,104,105,106,107,108,109,110,111,112,113,114,115,116,117,118,119,120,121,181,182,183,184,185,186,187,188,189,190,191,192,193,194,195,196,197,198,199,200,201,202,203,204,205,206,207,208,209,210,211,212,213,214,215,216,217,218,219,220,221,222,223,224,225,226,227,228,229,230,231,232,233,234,235,236,237,238,239,240,241,242,243,244,245,246,247,248,249,250,251,252,253,254,255,256,257,258,259,260,261,262,263,264,265,266,267,268,269,270,271,272,273,274,275,276,277,278,279,280,281,282,283,284,285,286,287,288,289,290,291,292,293,294,295,296,297,298,299,300,301,302,303,304,305,306,307,308,309,310,311,312,313,314,315,316,317,318,319,320,321,322,323,324,325,326,344,345,346,347,348,349,423,424,425,426,429,438,439,440,441,447,450,451,452,456,457,458,462,475,476|ALAMO,SANDY,GRAPES,MTCHIL,GALFISH,SANCHIA,ZANCUDO,LAGO,BHAMCA|alba_tramonto|4|1
Spotted Gar|Spotted_Gar.png|1.8|3.2|4.4|60|60|65|0|1|#1 - #2/0|Gar family|42,47,51,181,183|194,195,196,197,200,208,209,210,214,215,217,228,229,231,232,236,244,245,246,251,252,254,255,256,368,369,370,371,372,373,374,375,381,382,427,428,430,431,432,433,459,460,461,463,464,469,470,471,474,493,494,504,505,511,512,513|ZANCUDO,LAGO,BHAMCA|notte|5|1
Steelhead|Steelhead.png|6|9|16|120|120|125|0|0|#1/0 - #4/0|Trout and Char family|23,48,181|31,32,33,34,37,38,39,40,48,49,50,51,52,53,54,55,194,195,196,197,200,208,209,210,214,215,217,228,229,231,232,236,244,245,246,251,252,254,255,256,354,355,356,357,358,359,360,361,368,369,370,371,372,373,374,375,381,382,427,428,430,431,432,433,459,460,461,463,464,469,470,471,474,493,494,504,505,511,512,513|ZANCUDO,LAGO,BHAMCA|alba_tramonto|5|1
Sterlet|Sterlet.png|3|6|9|120|130|140|0|0|#4 - #2/0|Sturgeon family|43,45,158,174,182,183,184||TONGVAV,TONGVAH,LDAM,CHIL,LACT|notte|5|0
Striped Bass|Striped_Bass.png|8|15|25|80|80|80|0|0|#3/0 - #8/0|Bass family|42,51,160,162,195,196,197|31,32,33,34,37,38,39,40,48,49,50,51,194,195,196,197,200,208,209,210,214,215,217,228,229,231,232,236,244,245,246,251,252,254,255,256,368,369,370,371,372,373,374,375,381,382,423,424,425,426,427,428,429,430,431,432,433,438,439,440,441,447,450,451,452,456,457,458,459,460,461,462,463,464,469,470,471,474,475,476,493,494,504,505,511,512,513|ZANCUDO,LAGO,BHAMCA|alba_tramonto|4|1
Striped Bonito|Striped_Bonito.png|4|7|12|104|106|128|0|0|#2/0 - #6/0|Marlin and Mackerel family|158,161,167,196,197,199|9,10,15,16,31,32,33,34,35,36,37,38,39,40,48,49,50,51,62,63,64,65,122,123,124,125,126,127,128,129,130,131,132,133,134,135,136,137,138,139,140,141,142,143,144,145,146,147,148,149,150,151,152,153,154,155,156,157,158,159,160,161,162,163,164,165,166,167,168,169,170,171,172,173,174,175,176,177,178,179,180,181,182,183,184,185,186,187,188,189,190,191,192,193,194,195,196,197,198,199,200,201,202,203,204,205,206,207,208,209,210,211,212,213,214,215,216,217,218,219,220,221,222,223,224,225,226,227,228,229,230,231,232,233,234,235,236,237,238,239,240,241,242,243,244,245,246,247,248,249,250,251,252,253,254,255,256,257,258,259,260,261,262,263,264,265,266,267,268,269,270,271,272,273,274,275,276,277,278,279,280,281,282,283,284,285,286,287,288,289,290,291,292,293,294,295,296,297,298,299,300,301,302,303,304,305,306,307,308,309,310,311,312,313,314,315,316,317,318,319,320,321,322,323,324,325,326,354,355,356,357,358,359,360,361,368,369,370,371,372,373,374,375,376,377,378,379,380,381,382,383,384,385,394,395,398,399,400,427,428,430,431,432,433,459,460,461,463,464,469,470,471,474,486,487,488,489,490,493,494,499,504,505,511,512,513|CHU,DELPE,VESP,BEACH,BANHAMC,PBLUFF,SANAND,EBURO,DELSOL,OCEANA|giorno|4|1
Striped Marlin|Striped_Marlin.png|90|150|230|244|251|266|0|1|#7/0 - #10/0|Marlin and Mackerel family|167,196,197,198,199|122,123,124,125,126,127,128,129,130,131,132,133,134,135,136,137,138,139,140,141,142,143,144,145,146,147,148,149,150,151,152,153,154,155,156,157,158,159,160,161,162,163,164,165,166,167,168,169,170,171,172,173,174,175,176,177,178,179,180,181,182,183,184,185,186,187,188,189,190,191,192,193,194,195,196,197,198,199,200,201,202,203,204,205,206,207,208,209,210,211,212,213,214,215,216,217,218,219,220,221,222,223,224,225,226,227,228,229,230,231,232,233,234,235,236,237,238,239,240,241,242,243,244,245,246,247,248,249,250,251,252,253,254,255,256,257,258,259,260,261,262,263,264,265,266,267,268,269,270,271,272,273,274,275,276,277,278,279,280,281,282,283,284,285,286,287,288,289,290,291,292,293,294,295,296,297,298,299,300,301,302,303,304,305,306,307,308,309,310,311,312,313,314,315,316,317,318,319,320,321,322,323,324,325,326|CHU,DELPE,VESP,BEACH,BANHAMC,PBLUFF,SANAND,EBURO,DELSOL,OCEANA|giorno|4|1
Swordfish|Swordfish.png|200|400|600|234|242|257|0|1|#2/0 - #16/0|Marlin and Mackerel family|167,196,197,198,199|122,123,124,125,126,127,128,129,130,131,132,133,134,135,136,137,138,139,140,141,142,143,144,145,146,147,148,149,150,151,152,153,154,155,156,157,158,159,160,161,162,163,164,165,166,167,168,169,170,171,172,173,174,175,176,177,178,179,180,181,182,183,184,185,186,187,188,189,190,191,192,193,194,195,196,197,198,199,200,201,202,203,204,205,206,207,208,209,210,211,212,213,214,215,216,217,218,219,220,221,222,223,224,225,226,227,228,229,230,231,232,233,234,235,236,237,238,239,240,241,242,243,244,245,246,247,248,249,250,251,252,253,254,255,256,257,258,259,260,261,262,263,264,265,266,267,268,269,270,271,272,273,274,275,276,277,278,279,280,281,282,283,284,285,286,287,288,289,290,291,292,293,294,295,296,297,298,299,300,301,302,303,304,305,306,307,308,309,310,311,312,313,314,315,316,317,318,319,320,321,322,323,324,325,326|SANAND,EBURO,DELSOL,OCEANA|notte|5|1
Tambaqui|Tambaqui.png|14|24|44|139|183|203|0|0|#3/0 - #4/0|Piranhas family|9,10,17,18,19,20||ZANCUDO,LAGO,BHAMCA|giorno|5|0
Tarpon|Tarpon.png|20|40|70|77|79|80|0|0|#4/0 - #9/0||36,42,47,158,160,182,197|31,32,33,34,37,38,39,40,48,49,50,51,194,195,196,197,200,208,209,210,214,215,217,228,229,231,232,236,244,245,246,251,252,254,255,256,327,328,329,330,331,332,333,334,335,336,337,338,339,340,341,342,343,344,345,346,347,348,349,350,351,352,353,354,355,356,357,358,359,360,361,362,363,364,365,366,367,368,369,370,371,372,373,374,375,376,377,378,379,380,381,382,383,384,385,394,395,398,399,400,427,428,430,431,432,433,459,460,461,463,464,469,470,471,474,486,487,488,489,490,493,494,499,504,505,511,512,513|ZANCUDO,LAGO,BHAMCA|notte|4|1
Tench|Tench.png|0.7|1.8|4|130|135|140|0|0|#8 - #1|Carp family|22,28,35,174,182||ALAMO,SANDY,GRAPES,MTCHIL,GALFISH,SANCHIA,TONGVAV,TONGVAH,LDAM,CHIL,LACT,MIRR,CYPRE,VCANA,ROCKF,VINE,WINDF,RANCHO,ELYSIAN|notte|2|0
Thicklip Grey Mullet|Thicklip_Grey_Mullet.png|1|2|3.5|133|135|140|0|0|#6 - #2||1,2,5,22,43,158,174|9,10,15,16,35,36,62,63,64,65,327,328,329,330,331,332,333,334,335,336,337,338,339,340,341,342,343,344,345,346,347,348,349,350,351,352,353,354,355,356,357,358,359,360,361,362,363,364,365,366,367,368,369,370,371,372,373,374,375,376,377,378,379,380,381,382,383,384,385,390,391,392,393,394,395,398,399,400,405,406,407,408,413,414,415,416,423,424,425,426,427,428,429,430,431,432,433,438,439,440,441,447,450,451,452,456,457,458,459,460,461,462,463,464,469,470,471,474,475,476,486,487,488,489,490,493,494,499,504,505,506,507,508,511,512,513|MIRR,CYPRE,VCANA,ROCKF,VINE,WINDF,RANCHO,ELYSIAN|giorno|5|1
Tiger Muskie|Tiger_Muskie.png|6|11|16|120|120|130|0|1|#2/0 - #8/0|Pike family|42,47|1,2,5,6,13,14,17,18,29,30,44,45,46,47,181,182,183,184,185,186,187,188,189,190,191,192,193,194,195,196,197,198,199,200,201,202,203,204,205,206,207,208,209,210,211,212,213,214,215,216,217,218,219,220,221,222,223,224,225,226,227,228,229,230,231,232,233,234,235,236,237,238,239,240,241,242,243,244,245,246,247,248,249,250,251,252,253,254,255,256,257,258,259,260,261,262,263,264,265,266,267,268,269,270,271,272,273,274,275,276,277,278,279,280,281,282,283,284,285,286,287,288,289,290,291,292,293,294,295,296,297,298,299,300,301,302,303,304,305,306,307,308,309,310,311,312,313,314,315,316,317,318,319,320,321,322,323,324,325,326,327,328,329,330,331,332,333,334,335,336,337,338,339,340,341,342,343,344,345,346,347,348,349,350,351,352,353,354,355,356,357,358,359,360,361,362,363,364,365,366,367,368,369,370,371,372,373,374,375,381,382,427,428,430,431,432,433,459,460,461,463,464,469,470,471,474,493,494,504,505,511,512,513|TONGVAV,TONGVAH,LDAM,CHIL,LACT|alba_tramonto|5|1
Tiger Trout|Tiger_Trout.png|1.2|2.2|3.5|155|157|160|0|0|#1 - #3/0|Trout and Char family|36,48,158,181|9,10,15,16,35,36,62,63,64,65,194,195,196,197,200,208,209,210,214,215,217,228,229,231,232,236,244,245,246,251,252,254,255,256,327,328,329,330,331,332,333,334,335,336,337,338,339,340,341,342,343,344,345,346,347,348,349,350,351,352,353,354,355,356,357,358,359,360,361,362,363,364,365,366,367,368,369,370,371,372,373,374,375,376,377,378,379,380,381,382,383,384,385,394,395,398,399,400,427,428,430,431,432,433,459,460,461,463,464,469,470,471,474,486,487,488,489,490,493,494,499,504,505,511,512,513|TONGVAV,TONGVAH,LDAM,CHIL,LACT|alba_tramonto|5|1
Trahira|Trahira.png|16|26|40|140|196|267|0|0|#5/0 - #7/0||42,47,56,181|181,183,184,185,187,201,202,203,204,205,211,212,213,221,222,223,224,225,235,253,294,313,327,328,329,330,331,332,333,334,335,336,337,338,339,340,341,342,343,344,345,346,347,348,349,350,351,352,353,354,355,356,357,358,359,360,361,362,363,364,365,366,367|ZANCUDO,LAGO,BHAMCA|notte|4|1
Two-Spot Red Snapper|Two-Spot_Red_Snapper.png|6|10|15|183|191|197|0|0|#4/0 - #7/0|Saltwater Fish|163,167,168,172,196,197,199|122,123,124,125,126,127,128,129,130,131,132,133,134,135,136,137,138,139,140,141,142,143,144,145,146,147,148,149,150,151,152,153,154,155,156,157,158,159,160,161,162,163,164,165,166,167,168,169,170,171,172,173,174,175,176,177,178,179,180|SANAND,EBURO,DELSOL,OCEANA|alba_tramonto|5|1
Vundu Catfish|Vundu_Catfish.png|25|40|57|86|135|140|0|0|#4/0 - #8/0|Catfish family|47,51,55,58,60,180,188,189,192,193|368,369,370,371,372,373,374,375,381,382,390,391,392,393,405,406,407,408,413,414,415,416,427,428,430,431,432,433,453,454,459,460,461,463,464,465,466,469,470,471,474,493,494,504,505,506,507,508,511,512,513|ALAMO,SANDY,GRAPES,MTCHIL,GALFISH,SANCHIA|notte|5|1
Wahoo|Wahoo.png|30|60|85|209|211|275|0|0|#5/0 - #8/0|Saltwater Fish|167,171,197,199,202|1,2,3,4,5,6,7,8,9,10,11,12,13,14,15,16,17,18,19,20,21,22,23,24,25,26,27,28,29,30,31,32,33,34,35,36,37,38,39,40,41,42,43,44,45,46,47,48,49,50,51,52,53,54,55,56,57,58,59,60,61,62,63,64,65,66,67,68,69,70,71,72,73,74,75,76,77,78,79,80,81,82,83,84,85,86,122,123,124,125,126,127,128,129,130,131,132,133,134,135,136,137,138,139,140,141,142,143,144,145,146,147,148,149,150,151,152,153,154,155,156,157,158,159,160,161,162,163,164,165,166,167,168,169,170,171,172,173,174,175,176,177,178,179,180,181,182,183,184,185,186,187,188,189,190,191,192,193,194,195,196,197,198,199,200,201,202,203,204,205,206,207,208,209,210,211,212,213,214,215,216,217,218,219,220,221,222,223,224,225,226,227,228,229,230,231,232,233,234,235,236,237,238,239,240,241,242,243,244,245,246,247,248,249,250,251,252,253,254,255,256,257,258,259,260,261,262,263,264,265,266,267,268,269,270,271,272,273,274,275,276,277,278,279,280,281,282,283,284,285,286,287,288,289,290,291,292,293,294,295,296,297,298,299,300,301,302,303,304,305,306,307,308,309,310,311,312,313,314,315,316,317,318,319,320,321,322,323,324,325,326|SANAND,EBURO,DELSOL,OCEANA|giorno|5|1
Walleye|Walleye.png|2|5|9.5|190|190|200|0|0|#2/0 - #6/0|Perch family|35,181|9,10,15,16,35,36,62,63,64,65,376,377,378,379,380,383,384,385,394,395,398,399,400,423,424,425,426,429,438,439,440,441,447,450,451,452,456,457,458,462,475,476,486,487,488,489,490,499|TONGVAV,TONGVAH,LDAM,CHIL,LACT|alba_tramonto|4|1
Warmouth|Warmouth.png|0.2|0.7|0.7|170|175|}}|0|0|#10 - #2|Panfish family|22,23,25,28||ZANCUDO,LAGO,BHAMCA|giorno|3|0
Wels Catfish|Wels_Catfish.png|11|26|60|92|92|105|0|0|#5/0 - #9/0|Catfish family|34,35,42,45,47,50,51,183,184||ALAMO,SANDY,GRAPES,MTCHIL,GALFISH,SANCHIA,TONGVAV,TONGVAH,LDAM,CHIL,LACT,MIRR,CYPRE,VCANA,ROCKF,VINE,WINDF,RANCHO,ELYSIAN|notte|2|0
White Bass|White_Bass.png|0.9|2|3|50|150|155|0|0|#2 - #2/0|Bass family|174,181|9,10,15,16,23,24,25,26,27,28,35,36,41,42,43,62,63,64,65,368,369,370,371,372,373,374,375,376,377,378,379,380,381,382,383,384,385,386,387,388,389,394,395,398,399,400,427,428,430,431,432,433,459,460,461,463,464,469,470,471,474,486,487,488,489,490,493,494,499,504,505,511,512,513|ZANCUDO,LAGO,BHAMCA,CANNY,CCREAK,MTGORDO,PALFOR,TONGVAV,TONGVAH,LDAM,CHIL,LACT|alba_tramonto|3|1
White Catfish|White_Catfish.png|1|1.9|2.9|60|63|67|0|0|#2|Catfish family|2,35,43,49,174||ZANCUDO,LAGO,BHAMCA|notte|4|0
White Crappie|White_Crappie.png|0.3|1|2.1|100|150|160|0|0|#8 - #1/0|Crappie family|8,27,28,30,181|23,24,25,26,27,28,41,42,43,327,328,329,330,331,332,335,336,337,376,377,378,379,380,383,384,385,386,387,388,389,394,395,398,399,400,486,487,488,489,490,499|ALAMO,SANDY,GRAPES,MTCHIL,GALFISH,SANCHIA,ZANCUDO,LAGO,BHAMCA|alba_tramonto|2|1
White Sturgeon|White_Sturgeon.png|25|47.5|72.5|103|108|115|0|0|#3/0 - #8/0|Sturgeon family|45,51||ZANCUDO,LAGO,BHAMCA|notte|4|0
White Sucker|White_Sucker.png|2|3.8|5.8|50|52|56|0|0|#2 - #1/0|Carp family|7,8||CANNY,CCREAK,MTGORDO,PALFOR|alba_tramonto|3|0
White-Eye Bream|White-Eye_Bream.png|0.3|0.8|1.3|87|92|97|0|0|#14 - #10|Bream and Roach family|7,22,27,28,30,174||TONGVAV,TONGVAH,LDAM,CHIL,LACT|notte|5|0
Whiting|Whiting.png|1.5|2.5|3.5|376|376|376|0|0|#1/0 - #3/0|Saltwater Fish|48,158,159,161,162,172,194,196|122,123,124,125,126,127,128,129,130,131,132,133,134,135,136,137,138,139,140,141,142,143,144,145,146,147,148,149,150,151,152,153,154,155,156,157,158,159,160,161,162,163,164,165,166,167,168,169,170,171,172,173,174,175,176,177,178,179,180,368,369,370,371,372,373,374,375,376,377,378,379,380,381,382,383,384,385,386,387,388,389,390,391,392,393,394,395,396,397,398,399,400,401,402,403,404,405,406,407,408,409,410,411,412,413,414,415,416,417,418,419,420,421,422,423,424,425,426,427,428,429,430,431,432,433,434,435,436,437,438,439,440,441,442,443,444,445,446,447,448,449,450,451,452,453,454,455,456,457,458,459,460,461,462,463,464,465,466,467,468,469,470,471,472,473,474,475,476,477,478,479,480,481,482,483,484,485,486,487,488,489,490,491,492,493,494,495,496,497,498,499,500,501,502,503,504,505,506,507,508,509,510,511,512,513,514,515,516,517,518,519,520,521,522,523,524,525,526,527|PALCOV,PROCOB,PALETO,OCEANA|alba_tramonto|5|1
Yellow Perch|Yellow_Perch.png|0.5|1.2|5|75|75|90|0|0|#8 - #3/0|Perch family|22,28|3,4,7,8,11,12,19,20,21,22,181,183,184,185,187,211,212,213,235,253,294,313,327,328,329,330,331,332,333,334,335,336,337,338,339,340,341,342,343,344,345,346,347,348,349,350,351,352,353,354,355,356,357,358,359,360,361,362,363,364,365,366,367,368,369,370,371,372,373,374,375,381,382,427,428,430,431,432,433,459,460,461,463,464,469,470,471,474,493,494,504,505,511,512,513|CANNY,CCREAK,MTGORDO,PALFOR,TONGVAV,TONGVAH,LDAM,CHIL,LACT|alba_tramonto|3|1
Yellowfin Tuna|Yellowfin_Tuna.png|60|120|200|177|212|216|0|0|#5/0 - #8/0|Tuna family|167,196,197,198,199|31,32,33,34,37,38,39,40,48,49,50,51,122,123,124,125,126,127,128,129,130,131,132,133,134,135,136,137,138,139,140,141,142,143,144,145,146,147,148,149,150,151,152,153,154,155,156,157,158,159,160,161,162,163,164,165,166,167,168,169,170,171,172,173,174,175,176,177,178,179,180,181,182,183,184,185,186,187,188,189,190,191,192,193,194,195,196,197,198,199,200,201,202,203,204,205,206,207,208,209,210,211,212,213,214,215,216,217,218,219,220,221,222,223,224,225,226,227,228,229,230,231,232,233,234,235,236,237,238,239,240,241,242,243,244,245,246,247,248,249,250,251,252,253,254,255,256,257,258,259,260,261,262,263,264,265,266,267,268,269,270,271,272,273,274,275,276,277,278,279,280,281,282,283,284,285,286,287,288,289,290,291,292,293,294,295,296,297,298,299,300,301,302,303,304,305,306,307,308,309,310,311,312,313,314,315,316,317,318,319,320,321,322,323,324,325,326|CHU,DELPE,VESP,BEACH,BANHAMC,PBLUFF,SANAND,EBURO,DELSOL,OCEANA|giorno|4|1
Yellowstripe Scad|Yellowstripe_Scad.png|0.3|0.63|0.63|187|189|}}|0|0|#1 - #6|Saltwater Fish|48,158,196,199|280,281,289,290,297,298,303,304|SANAND,EBURO,DELSOL,OCEANA|giorno|4|1
Zander|Zander.png|2|5.5|8|180|185|190|0|0|#1/0 - #6/0|Perch family|35,42,181|9,10,15,16,31,32,33,34,35,36,37,38,39,40,48,49,50,51,62,63,64,65,368,369,370,371,372,373,374,375,376,377,378,379,380,381,382,383,384,385,390,391,392,393,394,395,398,399,400,405,406,407,408,413,414,415,416,423,424,425,426,427,428,429,430,431,432,433,438,439,440,441,447,450,451,452,456,457,458,459,460,461,462,463,464,469,470,471,474,475,476,486,487,488,489,490,493,494,499,504,505,506,507,508,511,512,513|ALAMO,SANDY,GRAPES,MTCHIL,GALFISH,SANCHIA,TONGVAV,TONGVAH,LDAM,CHIL,LACT,MIRR,CYPRE,VCANA,ROCKF,VINE,WINDF,RANCHO,ELYSIAN|alba_tramonto|2|1
Ziege|Ziege.png|0.4|0.9|1.5|70|100|100|0|0|#12 - #8|Carp family|22,23,24,27,28,30,37||TONGVAV,TONGVAH,LDAM,CHIL,LACT|sempre|5|0
